$MeshFormat
4.1 0 8
$EndMeshFormat
$PhysicalNames
7
1 1 "ambient_lower"
1 2 "jet"
1 3 "ambient_upper"
1 4 "bottom"
1 5 "outflow"
1 6 "top"
2 7 "fluid"
$EndPhysicalNames
$Entities
6 6 1 0
1 0 -0.5 0 0
2 0 -0.05 0 0
3 0 0.05 0 0
4 0 0.5 0 0
5 1 -0.5 0 0
6 1 0.5 0 0
1 0 -0.5 0 0 -0.04999999999999999 0 1 1 2 1 -2
2 0 -0.05 0 0 0.05 0 1 2 2 2 -3
3 0 0.04999999999999999 0 0 0.5 0 1 3 2 3 -4
4 0 -0.5 0 1 -0.5 0 1 4 2 1 -5
5 1 -0.5 0 1 0.5 0 1 5 2 5 -6
6 0 0.5 0 1 0.5 0 1 6 2 6 -4
1 0 -0.5 0 1 0.5 0 1 7 6 4 5 6 -3 -2 -1
$EndEntities
$Nodes
13 1681 1 1681
0 1 0 1
1
0 -0.5 0
0 2 0 1
2
0 -0.05 0
0 3 0 1
3
0 0.05 0
0 4 0 1
4
0 0.5 0
0 5 0 1
5
1 -0.5 0
0 6 0 1
6
1 0.5 0
1 1 0 17
7
8
9
10
11
12
13
14
15
16
17
18
19
20
21
22
23
0 -0.4750000000000409 0
0 -0.4500000000000927 0
0 -0.425000000000177 0
0 -0.4000000000002722 0
0 -0.3750000000003565 0
0 -0.3500000000004264 0
0 -0.3250000000004842 0
0 -0.3000000000005336 0
0 -0.2750000000006071 0
0 -0.2500000000005264 0
0 -0.2250000000004566 0
0 -0.2000000000003867 0
0 -0.1750000000003277 0
0 -0.1500000000002578 0
0 -0.1250000000001952 0
0 -0.1000000000001289 0
0 -0.07500000000005907 0
1 2 0 3
24
25
26
0 -0.0250000000000603 0
0 -1.328728793659195e-13 0
0 0.02499999999993288 0
1 3 0 17
27
28
29
30
31
32
33
34
35
36
37
38
39
40
41
42
43
0 0.07499999999995291 0
0 0.09999999999991604 0
0 0.1249999999998506 0
0 0.1499999999997661 0
0 0.1749999999996745 0
0 0.1999999999996082 0
0 0.2249999999995527 0
0 0.2499999999994913 0
0 0.2749999999994274 0
0 0.299999999999485 0
0 0.3249999999995534 0
0 0.3499999999996218 0
0 0.3749999999996794 0
0 0.3999999999997479 0
0 0.4249999999998091 0
0 0.4499999999998739 0
0 0.4749999999999424 0
1 4 0 39
44
45
46
47
48
49
50
51
52
53
54
55
56
57
58
59
60
61
62
63
64
65
66
67
68
69
70
71
72
73
74
75
76
77
78
79
80
81
82
0.02499999999995274 -0.5 0
0.0499999999998994 -0.5 0
0.07499999999985243 -0.5 0
0.09999999999981414 -0.5 0
0.1249999999997731 -0.5 0
0.1499999999997029 -0.5 0
0.1749999999996299 -0.5 0
0.1999999999995569 -0.5 0
0.2249999999994839 -0.5 0
0.2499999999994109 -0.5 0
0.274999999999338 -0.5 0
0.299999999999265 -0.5 0
0.324999999999192 -0.5 0
0.3499999999991191 -0.5 0
0.3749999999990461 -0.5 0
0.3999999999989731 -0.5 0
0.4249999999989001 -0.5 0
0.4499999999988272 -0.5 0
0.4749999999987542 -0.5 0
0.4999999999986921 -0.5 0
0.5249999999987471 -0.5 0
0.5499999999988131 -0.5 0
0.5749999999988791 -0.5 0
0.599999999998945 -0.5 0
0.6249999999990109 -0.5 0
0.6499999999990769 -0.5 0
0.6749999999991427 -0.5 0
0.6999999999992088 -0.5 0
0.7249999999992747 -0.5 0
0.7499999999993406 -0.5 0
0.7749999999994065 -0.5 0
0.7999999999994725 -0.5 0
0.8249999999995385 -0.5 0
0.8499999999996044 -0.5 0
0.8749999999996704 -0.5 0
0.8999999999997362 -0.5 0
0.9249999999998022 -0.5 0
0.9499999999998682 -0.5 0
0.9749999999999341 -0.5 0
1 5 0 39
83
84
85
86
87
88
89
90
91
92
93
94
95
96
97
98
99
100
101
102
103
104
105
106
107
108
109
110
111
112
113
114
115
116
117
118
119
120
121
1 -0.4750000000000693 0
1 -0.4500000000001386 0
1 -0.4250000000002079 0
1 -0.4000000000002772 0
1 -0.3750000000003466 0
1 -0.3500000000004159 0
1 -0.3250000000004853 0
1 -0.3000000000005547 0
1 -0.275000000000624 0
1 -0.2500000000006933 0
1 -0.2250000000007626 0
1 -0.2000000000008318 0
1 -0.1750000000009011 0
1 -0.1500000000009704 0
1 -0.1250000000010397 0
1 -0.1000000000011089 0
1 -0.07500000000117818 0
1 -0.05000000000124744 0
1 -0.02500000000131675 0
1 -1.375122238300719e-12 0
1 0.02499999999868341 0
1 0.04999999999875271 0
1 0.07499999999882201 0
1 0.09999999999889131 0
1 0.1249999999989606 0
1 0.1499999999990299 0
1 0.1749999999990991 0
1 0.1999999999991684 0
1 0.2249999999992377 0
1 0.249999999999307 0
1 0.2749999999993763 0
1 0.2999999999994456 0
1 0.3249999999995149 0
1 0.3499999999995842 0
1 0.3749999999996535 0
1 0.3999999999997228 0
1 0.4249999999997921 0
1 0.4499999999998613 0
1 0.4749999999999306 0
1 6 0 39
122
123
124
125
126
127
128
129
130
131
132
133
134
135
136
137
138
139
140
141
142
143
144
145
146
147
148
149
150
151
152
153
154
155
156
157
158
159
160
0.9749999999998959 0.5 0
0.9499999999997918 0.5 0
0.9249999999996877 0.5 0
0.8999999999995836 0.5 0
0.8749999999995012 0.5 0
0.849999999999653 0.5 0
0.8249999999998265 0.5 0
0.8 0.5 0
0.7750000000001736 0.5 0
0.7500000000003471 0.5 0
0.7250000000005203 0.5 0
0.7000000000006938 0.5 0
0.6750000000008674 0.5 0
0.6500000000010406 0.5 0
0.6250000000012141 0.5 0
0.6000000000013874 0.5 0
0.5750000000015609 0.5 0
0.5500000000017343 0.5 0
0.5250000000019077 0.5 0
0.5000000000020595 0.5 0
0.4750000000019771 0.5 0
0.450000000001873 0.5 0
0.425000000001769 0.5 0
0.400000000001665 0.5 0
0.3750000000015609 0.5 0
0.3500000000014568 0.5 0
0.3250000000013528 0.5 0
0.3000000000012487 0.5 0
0.2750000000011447 0.5 0
0.2500000000010406 0.5 0
0.2250000000009365 0.5 0
0.2000000000008325 0.5 0
0.1750000000007285 0.5 0
0.1500000000006244 0.5 0
0.1250000000005204 0.5 0
0.1000000000004162 0.5 0
0.07500000000031226 0.5 0
0.0500000000002081 0.5 0
0.02500000000010416 0.5 0
2 1 0 1521
161
162
163
164
165
166
167
168
169
170
171
172
173
174
175
176
177
178
179
180
181
182
183
184
185
186
187
188
189
190
191
192
193
194
195
196
197
198
199
200
201
202
203
204
205
206
207
208
209
210
211
212
213
214
215
216
217
218
219
220
221
222
223
224
225
226
227
228
229
230
231
232
233
234
235
236
237
238
239
240
241
242
243
244
245
246
247
248
249
250
251
252
253
254
255
256
257
258
259
260
261
262
263
264
265
266
267
268
269
270
271
272
273
274
275
276
277
278
279
280
281
282
283
284
285
286
287
288
289
290
291
292
293
294
295
296
297
298
299
300
301
302
303
304
305
306
307
308
309
310
311
312
313
314
315
316
317
318
319
320
321
322
323
324
325
326
327
328
329
330
331
332
333
334
335
336
337
338
339
340
341
342
343
344
345
346
347
348
349
350
351
352
353
354
355
356
357
358
359
360
361
362
363
364
365
366
367
368
369
370
371
372
373
374
375
376
377
378
379
380
381
382
383
384
385
386
387
388
389
390
391
392
393
394
395
396
397
398
399
400
401
402
403
404
405
406
407
408
409
410
411
412
413
414
415
416
417
418
419
420
421
422
423
424
425
426
427
428
429
430
431
432
433
434
435
436
437
438
439
440
441
442
443
444
445
446
447
448
449
450
451
452
453
454
455
456
457
458
459
460
461
462
463
464
465
466
467
468
469
470
471
472
473
474
475
476
477
478
479
480
481
482
483
484
485
486
487
488
489
490
491
492
493
494
495
496
497
498
499
500
501
502
503
504
505
506
507
508
509
510
511
512
513
514
515
516
517
518
519
520
521
522
523
524
525
526
527
528
529
530
531
532
533
534
535
536
537
538
539
540
541
542
543
544
545
546
547
548
549
550
551
552
553
554
555
556
557
558
559
560
561
562
563
564
565
566
567
568
569
570
571
572
573
574
575
576
577
578
579
580
581
582
583
584
585
586
587
588
589
590
591
592
593
594
595
596
597
598
599
600
601
602
603
604
605
606
607
608
609
610
611
612
613
614
615
616
617
618
619
620
621
622
623
624
625
626
627
628
629
630
631
632
633
634
635
636
637
638
639
640
641
642
643
644
645
646
647
648
649
650
651
652
653
654
655
656
657
658
659
660
661
662
663
664
665
666
667
668
669
670
671
672
673
674
675
676
677
678
679
680
681
682
683
684
685
686
687
688
689
690
691
692
693
694
695
696
697
698
699
700
701
702
703
704
705
706
707
708
709
710
711
712
713
714
715
716
717
718
719
720
721
722
723
724
725
726
727
728
729
730
731
732
733
734
735
736
737
738
739
740
741
742
743
744
745
746
747
748
749
750
751
752
753
754
755
756
757
758
759
760
761
762
763
764
765
766
767
768
769
770
771
772
773
774
775
776
777
778
779
780
781
782
783
784
785
786
787
788
789
790
791
792
793
794
795
796
797
798
799
800
801
802
803
804
805
806
807
808
809
810
811
812
813
814
815
816
817
818
819
820
821
822
823
824
825
826
827
828
829
830
831
832
833
834
835
836
837
838
839
840
841
842
843
844
845
846
847
848
849
850
851
852
853
854
855
856
857
858
859
860
861
862
863
864
865
866
867
868
869
870
871
872
873
874
875
876
877
878
879
880
881
882
883
884
885
886
887
888
889
890
891
892
893
894
895
896
897
898
899
900
901
902
903
904
905
906
907
908
909
910
911
912
913
914
915
916
917
918
919
920
921
922
923
924
925
926
927
928
929
930
931
932
933
934
935
936
937
938
939
940
941
942
943
944
945
946
947
948
949
950
951
952
953
954
955
956
957
958
959
960
961
962
963
964
965
966
967
968
969
970
971
972
973
974
975
976
977
978
979
980
981
982
983
984
985
986
987
988
989
990
991
992
993
994
995
996
997
998
999
1000
1001
1002
1003
1004
1005
1006
1007
1008
1009
1010
1011
1012
1013
1014
1015
1016
1017
1018
1019
1020
1021
1022
1023
1024
1025
1026
1027
1028
1029
1030
1031
1032
1033
1034
1035
1036
1037
1038
1039
1040
1041
1042
1043
1044
1045
1046
1047
1048
1049
1050
1051
1052
1053
1054
1055
1056
1057
1058
1059
1060
1061
1062
1063
1064
1065
1066
1067
1068
1069
1070
1071
1072
1073
1074
1075
1076
1077
1078
1079
1080
1081
1082
1083
1084
1085
1086
1087
1088
1089
1090
1091
1092
1093
1094
1095
1096
1097
1098
1099
1100
1101
1102
1103
1104
1105
1106
1107
1108
1109
1110
1111
1112
1113
1114
1115
1116
1117
1118
1119
1120
1121
1122
1123
1124
1125
1126
1127
1128
1129
1130
1131
1132
1133
1134
1135
1136
1137
1138
1139
1140
1141
1142
1143
1144
1145
1146
1147
1148
1149
1150
1151
1152
1153
1154
1155
1156
1157
1158
1159
1160
1161
1162
1163
1164
1165
1166
1167
1168
1169
1170
1171
1172
1173
1174
1175
1176
1177
1178
1179
1180
1181
1182
1183
1184
1185
1186
1187
1188
1189
1190
1191
1192
1193
1194
1195
1196
1197
1198
1199
1200
1201
1202
1203
1204
1205
1206
1207
1208
1209
1210
1211
1212
1213
1214
1215
1216
1217
1218
1219
1220
1221
1222
1223
1224
1225
1226
1227
1228
1229
1230
1231
1232
1233
1234
1235
1236
1237
1238
1239
1240
1241
1242
1243
1244
1245
1246
1247
1248
1249
1250
1251
1252
1253
1254
1255
1256
1257
1258
1259
1260
1261
1262
1263
1264
1265
1266
1267
1268
1269
1270
1271
1272
1273
1274
1275
1276
1277
1278
1279
1280
1281
1282
1283
1284
1285
1286
1287
1288
1289
1290
1291
1292
1293
1294
1295
1296
1297
1298
1299
1300
1301
1302
1303
1304
1305
1306
1307
1308
1309
1310
1311
1312
1313
1314
1315
1316
1317
1318
1319
1320
1321
1322
1323
1324
1325
1326
1327
1328
1329
1330
1331
1332
1333
1334
1335
1336
1337
1338
1339
1340
1341
1342
1343
1344
1345
1346
1347
1348
1349
1350
1351
1352
1353
1354
1355
1356
1357
1358
1359
1360
1361
1362
1363
1364
1365
1366
1367
1368
1369
1370
1371
1372
1373
1374
1375
1376
1377
1378
1379
1380
1381
1382
1383
1384
1385
1386
1387
1388
1389
1390
1391
1392
1393
1394
1395
1396
1397
1398
1399
1400
1401
1402
1403
1404
1405
1406
1407
1408
1409
1410
1411
1412
1413
1414
1415
1416
1417
1418
1419
1420
1421
1422
1423
1424
1425
1426
1427
1428
1429
1430
1431
1432
1433
1434
1435
1436
1437
1438
1439
1440
1441
1442
1443
1444
1445
1446
1447
1448
1449
1450
1451
1452
1453
1454
1455
1456
1457
1458
1459
1460
1461
1462
1463
1464
1465
1466
1467
1468
1469
1470
1471
1472
1473
1474
1475
1476
1477
1478
1479
1480
1481
1482
1483
1484
1485
1486
1487
1488
1489
1490
1491
1492
1493
1494
1495
1496
1497
1498
1499
1500
1501
1502
1503
1504
1505
1506
1507
1508
1509
1510
1511
1512
1513
1514
1515
1516
1517
1518
1519
1520
1521
1522
1523
1524
1525
1526
1527
1528
1529
1530
1531
1532
1533
1534
1535
1536
1537
1538
1539
1540
1541
1542
1543
1544
1545
1546
1547
1548
1549
1550
1551
1552
1553
1554
1555
1556
1557
1558
1559
1560
1561
1562
1563
1564
1565
1566
1567
1568
1569
1570
1571
1572
1573
1574
1575
1576
1577
1578
1579
1580
1581
1582
1583
1584
1585
1586
1587
1588
1589
1590
1591
1592
1593
1594
1595
1596
1597
1598
1599
1600
1601
1602
1603
1604
1605
1606
1607
1608
1609
1610
1611
1612
1613
1614
1615
1616
1617
1618
1619
1620
1621
1622
1623
1624
1625
1626
1627
1628
1629
1630
1631
1632
1633
1634
1635
1636
1637
1638
1639
1640
1641
1642
1643
1644
1645
1646
1647
1648
1649
1650
1651
1652
1653
1654
1655
1656
1657
1658
1659
1660
1661
1662
1663
1664
1665
1666
1667
1668
1669
1670
1671
1672
1673
1674
1675
1676
1677
1678
1679
1680
1681
0.02499999999995652 -0.4750000000000417 0
0.04999999999990712 -0.4750000000000424 0
0.07499999999986394 -0.4750000000000431 0
0.09999999999982917 -0.4750000000000438 0
0.1249999999997918 -0.4750000000000446 0
0.1499999999997259 -0.4750000000000452 0
0.1749999999996574 -0.475000000000046 0
0.1999999999995888 -0.4750000000000467 0
0.2249999999995203 -0.4750000000000473 0
0.2499999999994517 -0.4750000000000481 0
0.2749999999993832 -0.4750000000000487 0
0.2999999999993145 -0.4750000000000494 0
0.3249999999992461 -0.4750000000000503 0
0.3499999999991775 -0.4750000000000509 0
0.3749999999991089 -0.4750000000000516 0
0.3999999999990405 -0.4750000000000523 0
0.4249999999989718 -0.4750000000000529 0
0.4499999999989033 -0.4750000000000538 0
0.4749999999988346 -0.4750000000000545 0
0.4999999999987763 -0.4750000000000552 0
0.5249999999988259 -0.4750000000000558 0
0.5499999999988862 -0.4750000000000565 0
0.5749999999989461 -0.4750000000000572 0
0.5999999999990062 -0.475000000000058 0
0.624999999999066 -0.4750000000000587 0
0.6499999999991261 -0.4750000000000594 0
0.6749999999991859 -0.47500000000006 0
0.6999999999992461 -0.4750000000000608 0
0.724999999999306 -0.4750000000000615 0
0.7499999999993656 -0.4750000000000623 0
0.7749999999994256 -0.4750000000000629 0
0.7999999999994858 -0.4750000000000636 0
0.8249999999995458 -0.4750000000000644 0
0.8499999999996056 -0.4750000000000651 0
0.874999999999666 -0.4750000000000658 0
0.8999999999997323 -0.4750000000000665 0
0.9249999999997993 -0.4750000000000671 0
0.9499999999998662 -0.4750000000000679 0
0.974999999999933 -0.4750000000000686 0
0.02499999999996031 -0.4500000000000939 0
0.04999999999991483 -0.4500000000000951 0
0.07499999999987543 -0.4500000000000961 0
0.09999999999984424 -0.4500000000000973 0
0.1249999999998105 -0.4500000000000985 0
0.1499999999997489 -0.4500000000000997 0
0.1749999999996848 -0.4500000000001008 0
0.1999999999996207 -0.4500000000001019 0
0.2249999999995566 -0.4500000000001029 0
0.2499999999994924 -0.4500000000001042 0
0.2749999999994283 -0.4500000000001053 0
0.2999999999993642 -0.4500000000001065 0
0.3249999999993001 -0.4500000000001076 0
0.3499999999992359 -0.4500000000001088 0
0.3749999999991718 -0.45000000000011 0
0.3999999999991077 -0.4500000000001112 0
0.4249999999990436 -0.4500000000001123 0
0.4499999999989795 -0.4500000000001134 0
0.4749999999989153 -0.4500000000001145 0
0.4999999999988605 -0.4500000000001158 0
0.524999999998905 -0.4500000000001168 0
0.549999999998959 -0.450000000000118 0
0.5749999999990132 -0.4500000000001192 0
0.5999999999990671 -0.4500000000001203 0
0.624999999999121 -0.4500000000001214 0
0.649999999999175 -0.4500000000001225 0
0.674999999999229 -0.4500000000001236 0
0.699999999999283 -0.4500000000001249 0
0.7249999999993371 -0.4500000000001261 0
0.7499999999993909 -0.4500000000001272 0
0.7749999999994448 -0.4500000000001283 0
0.7999999999994987 -0.4500000000001294 0
0.824999999999553 -0.4500000000001305 0
0.8499999999996068 -0.4500000000001317 0
0.8749999999996619 -0.4500000000001328 0
0.8999999999997288 -0.4500000000001341 0
0.9249999999997967 -0.4500000000001352 0
0.9499999999998643 -0.4500000000001363 0
0.9749999999999324 -0.4500000000001374 0
0.02499999999996409 -0.4250000000001778 0
0.04999999999992255 -0.4250000000001787 0
0.07499999999988692 -0.4250000000001793 0
0.09999999999985931 -0.4250000000001801 0
0.1249999999998292 -0.4250000000001808 0
0.149999999999772 -0.4250000000001817 0
0.1749999999997123 -0.4250000000001824 0
0.1999999999996525 -0.4250000000001831 0
0.2249999999995929 -0.4250000000001839 0
0.2499999999995332 -0.4250000000001848 0
0.2749999999994735 -0.4250000000001856 0
0.2999999999994137 -0.4250000000001862 0
0.324999999999354 -0.425000000000187 0
0.3499999999992944 -0.4250000000001878 0
0.3749999999992347 -0.4250000000001887 0
0.399999999999175 -0.4250000000001893 0
0.4249999999991153 -0.4250000000001901 0
0.4499999999990556 -0.4250000000001909 0
0.4749999999989959 -0.4250000000001917 0
0.4999999999989446 -0.4250000000001924 0
0.5249999999989841 -0.4250000000001933 0
0.5499999999990323 -0.4250000000001941 0
0.5749999999990802 -0.4250000000001948 0
0.5999999999991283 -0.4250000000001956 0
0.6249999999991762 -0.4250000000001963 0
0.6499999999992243 -0.4250000000001971 0
0.6749999999992721 -0.425000000000198 0
0.6999999999993203 -0.4250000000001987 0
0.7249999999993681 -0.4250000000001993 0
0.7499999999994162 -0.4250000000002002 0
0.7749999999994641 -0.425000000000201 0
0.799999999999512 -0.4250000000002018 0
0.8249999999995602 -0.4250000000002024 0
0.8499999999996081 -0.4250000000002033 0
0.8749999999996577 -0.425000000000204 0
0.8999999999997248 -0.4250000000002049 0
0.9249999999997937 -0.4250000000002057 0
0.9499999999998625 -0.4250000000002064 0
0.9749999999999315 -0.4250000000002071 0
0.02499999999996787 -0.4000000000002724 0
0.04999999999993027 -0.4000000000002725 0
0.07499999999989841 -0.4000000000002726 0
0.09999999999987436 -0.4000000000002727 0
0.1249999999998479 -0.4000000000002727 0
0.149999999999795 -0.4000000000002729 0
0.1749999999997398 -0.4000000000002731 0
0.1999999999996845 -0.4000000000002731 0
0.2249999999996292 -0.4000000000002734 0
0.2499999999995739 -0.4000000000002735 0
0.2749999999995187 -0.4000000000002736 0
0.2999999999994634 -0.4000000000002738 0
0.3249999999994081 -0.4000000000002739 0
0.3499999999993528 -0.400000000000274 0
0.3749999999992976 -0.4000000000002741 0
0.3999999999992423 -0.4000000000002741 0
0.424999999999187 -0.4000000000002744 0
0.4499999999991318 -0.4000000000002745 0
0.4749999999990765 -0.4000000000002746 0
0.4999999999990289 -0.4000000000002747 0
0.5249999999990631 -0.4000000000002748 0
0.5499999999991051 -0.400000000000275 0
0.5749999999991471 -0.4000000000002751 0
0.5999999999991892 -0.4000000000002752 0
0.6249999999992312 -0.4000000000002754 0
0.6499999999992732 -0.4000000000002755 0
0.6749999999993151 -0.4000000000002756 0
0.6999999999993574 -0.4000000000002758 0
0.7249999999993992 -0.4000000000002759 0
0.7499999999994411 -0.400000000000276 0
0.7749999999994832 -0.400000000000276 0
0.7999999999995253 -0.4000000000002762 0
0.8249999999995673 -0.4000000000002764 0
0.8499999999996094 -0.4000000000002765 0
0.8749999999996535 -0.4000000000002767 0
0.8999999999997208 -0.4000000000002767 0
0.9249999999997907 -0.4000000000002769 0
0.9499999999998605 -0.4000000000002769 0
0.9749999999999305 -0.4000000000002771 0
0.02499999999997166 -0.3750000000003562 0
0.04999999999993799 -0.375000000000356 0
0.07499999999990992 -0.3750000000003558 0
0.09999999999988941 -0.3750000000003554 0
0.1249999999998665 -0.3750000000003553 0
0.1499999999998181 -0.375000000000355 0
0.1749999999997672 -0.3750000000003547 0
0.1999999999997164 -0.3750000000003546 0
0.2249999999996656 -0.3750000000003543 0
0.2499999999996146 -0.3750000000003541 0
0.2749999999995638 -0.3750000000003536 0
0.299999999999513 -0.3750000000003536 0
0.3249999999994622 -0.3750000000003533 0
0.3499999999994113 -0.375000000000353 0
0.3749999999993604 -0.3750000000003528 0
0.3999999999993096 -0.3750000000003526 0
0.4249999999992588 -0.3750000000003524 0
0.449999999999208 -0.3750000000003521 0
0.4749999999991572 -0.3750000000003518 0
0.499999999999113 -0.3750000000003515 0
0.5249999999991422 -0.3750000000003514 0
0.5499999999991784 -0.375000000000351 0
0.5749999999992144 -0.3750000000003509 0
0.5999999999992505 -0.3750000000003506 0
0.6249999999992863 -0.3750000000003503 0
0.6499999999993225 -0.3750000000003502 0
0.6749999999993583 -0.3750000000003498 0
0.6999999999993944 -0.3750000000003496 0
0.7249999999994304 -0.3750000000003493 0
0.7499999999994665 -0.3750000000003491 0
0.7749999999995024 -0.3750000000003488 0
0.7999999999995384 -0.3750000000003486 0
0.8249999999995744 -0.3750000000003483 0
0.8499999999996103 -0.3750000000003481 0
0.8749999999996491 -0.3750000000003478 0
0.8999999999997172 -0.3750000000003476 0
0.924999999999788 -0.3750000000003473 0
0.9499999999998586 -0.3750000000003471 0
0.9749999999999295 -0.3750000000003468 0
0.02499999999997545 -0.350000000000426 0
0.04999999999994571 -0.3500000000004259 0
0.07499999999992141 -0.3500000000004257 0
0.09999999999990446 -0.3500000000004253 0
0.1249999999998852 -0.3500000000004251 0
0.1499999999998411 -0.3500000000004248 0
0.1749999999997947 -0.3500000000004245 0
0.1999999999997482 -0.3500000000004241 0
0.2249999999997018 -0.3500000000004241 0
0.2499999999996553 -0.3500000000004237 0
0.2749999999996091 -0.3500000000004235 0
0.2999999999995626 -0.3500000000004233 0
0.3249999999995161 -0.3500000000004229 0
0.3499999999994697 -0.3500000000004226 0
0.3749999999994234 -0.3500000000004225 0
0.3999999999993769 -0.3500000000004221 0
0.4249999999993305 -0.350000000000422 0
0.4499999999992841 -0.3500000000004218 0
0.4749999999992376 -0.3500000000004214 0
0.4999999999991972 -0.3500000000004211 0
0.5249999999992212 -0.3500000000004209 0
0.5499999999992512 -0.3500000000004206 0
0.5749999999992812 -0.3500000000004203 0
0.5999999999993113 -0.3500000000004201 0
0.6249999999993413 -0.3500000000004198 0
0.6499999999993713 -0.3500000000004195 0
0.6749999999994013 -0.3500000000004193 0
0.6999999999994315 -0.350000000000419 0
0.7249999999994615 -0.3500000000004189 0
0.7499999999994915 -0.3500000000004185 0
0.7749999999995214 -0.3500000000004181 0
0.7999999999995515 -0.3500000000004179 0
0.8249999999995818 -0.3500000000004178 0
0.8499999999996117 -0.3500000000004175 0
0.8749999999996452 -0.3500000000004173 0
0.8999999999997133 -0.350000000000417 0
0.9249999999997851 -0.3500000000004166 0
0.9499999999998568 -0.3500000000004164 0
0.9749999999999283 -0.3500000000004161 0
0.02499999999997924 -0.3250000000004842 0
0.04999999999995342 -0.3250000000004843 0
0.07499999999993288 -0.3250000000004843 0
0.0999999999999195 -0.3250000000004842 0
0.1249999999999039 -0.3250000000004843 0
0.1499999999998642 -0.3250000000004844 0
0.1749999999998221 -0.3250000000004843 0
0.1999999999997801 -0.3250000000004846 0
0.2249999999997382 -0.3250000000004844 0
0.2499999999996961 -0.3250000000004845 0
0.2749999999996541 -0.3250000000004846 0
0.2999999999996121 -0.3250000000004846 0
0.3249999999995702 -0.3250000000004846 0
0.3499999999995281 -0.3250000000004845 0
0.3749999999994862 -0.3250000000004847 0
0.3999999999994442 -0.3250000000004847 0
0.4249999999994022 -0.3250000000004847 0
0.4499999999993601 -0.3250000000004847 0
0.4749999999993182 -0.3250000000004847 0
0.4999999999992814 -0.3250000000004848 0
0.5249999999993002 -0.3250000000004848 0
0.5499999999993243 -0.3250000000004848 0
0.5749999999993483 -0.3250000000004848 0
0.5999999999993724 -0.3250000000004849 0
0.6249999999993965 -0.3250000000004849 0
0.6499999999994206 -0.3250000000004849 0
0.6749999999994445 -0.3250000000004849 0
0.6999999999994686 -0.3250000000004849 0
0.7249999999994925 -0.325000000000485 0
0.7499999999995166 -0.325000000000485 0
0.7749999999995407 -0.3250000000004851 0
0.7999999999995649 -0.3250000000004851 0
0.824999999999589 -0.3250000000004851 0
0.8499999999996131 -0.3250000000004851 0
0.8749999999996407 -0.3250000000004851 0
0.8999999999997095 -0.3250000000004851 0
0.9249999999997822 -0.3250000000004851 0
0.9499999999998548 -0.3250000000004852 0
0.9749999999999275 -0.3250000000004853 0
0.02499999999998302 -0.3000000000005342 0
0.04999999999996113 -0.3000000000005347 0
0.0749999999999444 -0.3000000000005352 0
0.09999999999993453 -0.3000000000005357 0
0.1249999999999226 -0.3000000000005363 0
0.1499999999998871 -0.3000000000005367 0
0.1749999999998496 -0.3000000000005373 0
0.199999999999812 -0.3000000000005378 0
0.2249999999997744 -0.3000000000005383 0
0.2499999999997369 -0.3000000000005388 0
0.2749999999996993 -0.3000000000005393 0
0.2999999999996618 -0.3000000000005399 0
0.3249999999996241 -0.3000000000005404 0
0.3499999999995865 -0.3000000000005409 0
0.374999999999549 -0.3000000000005414 0
0.3999999999995115 -0.3000000000005421 0
0.4249999999994739 -0.3000000000005426 0
0.4499999999994363 -0.3000000000005431 0
0.4749999999993987 -0.3000000000005436 0
0.4999999999993655 -0.3000000000005442 0
0.5249999999993793 -0.3000000000005447 0
0.5499999999993973 -0.3000000000005452 0
0.5749999999994153 -0.3000000000005457 0
0.5999999999994334 -0.3000000000005463 0
0.6249999999994514 -0.3000000000005467 0
0.6499999999994694 -0.3000000000005473 0
0.6749999999994875 -0.3000000000005478 0
0.6999999999995059 -0.3000000000005484 0
0.7249999999995238 -0.3000000000005488 0
0.7499999999995419 -0.3000000000005494 0
0.7749999999995598 -0.3000000000005499 0
0.7999999999995779 -0.3000000000005505 0
0.8249999999995962 -0.3000000000005509 0
0.8499999999996141 -0.3000000000005514 0
0.8749999999996367 -0.300000000000552 0
0.8999999999997057 -0.3000000000005525 0
0.9249999999997794 -0.3000000000005532 0
0.9499999999998527 -0.3000000000005536 0
0.9749999999999266 -0.3000000000005542 0
0.0249999999999868 -0.2750000000006075 0
0.04999999999996885 -0.275000000000608 0
0.07499999999995589 -0.2750000000006083 0
0.0999999999999496 -0.2750000000006088 0
0.1249999999999412 -0.2750000000006092 0
0.1499999999999102 -0.2750000000006096 0
0.1749999999998771 -0.2750000000006101 0
0.1999999999998439 -0.2750000000006104 0
0.2249999999998107 -0.2750000000006109 0
0.2499999999997776 -0.2750000000006113 0
0.2749999999997445 -0.2750000000006118 0
0.2999999999997113 -0.2750000000006121 0
0.3249999999996782 -0.2750000000006125 0
0.349999999999645 -0.2750000000006129 0
0.3749999999996119 -0.2750000000006134 0
0.3999999999995788 -0.2750000000006139 0
0.4249999999995456 -0.2750000000006143 0
0.4499999999995125 -0.2750000000006146 0
0.4749999999994793 -0.2750000000006152 0
0.4999999999994497 -0.2750000000006155 0
0.5249999999994583 -0.275000000000616 0
0.5499999999994704 -0.2750000000006164 0
0.5749999999994824 -0.2750000000006168 0
0.5999999999994945 -0.2750000000006172 0
0.6249999999995066 -0.2750000000006176 0
0.6499999999995187 -0.2750000000006181 0
0.6749999999995309 -0.2750000000006185 0
0.6999999999995428 -0.2750000000006189 0
0.7249999999995549 -0.2750000000006193 0
0.7499999999995671 -0.2750000000006197 0
0.7749999999995791 -0.2750000000006201 0
0.799999999999591 -0.2750000000006205 0
0.8249999999996033 -0.2750000000006209 0
0.8499999999996153 -0.2750000000006214 0
0.8749999999996323 -0.2750000000006219 0
0.8999999999997019 -0.2750000000006223 0
0.9249999999997764 -0.2750000000006227 0
0.9499999999998511 -0.2750000000006232 0
0.9749999999999257 -0.2750000000006235 0
0.02499999999999059 -0.2500000000005306 0
0.04999999999997658 -0.2500000000005348 0
0.07499999999996741 -0.2500000000005389 0
0.09999999999996467 -0.2500000000005431 0
0.1249999999999599 -0.2500000000005472 0
0.1499999999999333 -0.2500000000005514 0
0.1749999999999045 -0.2500000000005557 0
0.1999999999998758 -0.2500000000005598 0
0.2249999999998471 -0.250000000000564 0
0.2499999999998184 -0.2500000000005681 0
0.2749999999997896 -0.2500000000005723 0
0.299999999999761 -0.2500000000005764 0
0.3249999999997322 -0.2500000000005806 0
0.3499999999997035 -0.2500000000005849 0
0.3749999999996748 -0.250000000000589 0
0.3999999999996461 -0.2500000000005932 0
0.4249999999996173 -0.2500000000005973 0
0.4499999999995886 -0.2500000000006015 0
0.4749999999995599 -0.2500000000006057 0
0.4999999999995339 -0.2500000000006098 0
0.5249999999995374 -0.2500000000006141 0
0.5499999999995434 -0.2500000000006183 0
0.5749999999995494 -0.2500000000006224 0
0.5999999999995556 -0.2500000000006265 0
0.6249999999995616 -0.2500000000006307 0
0.6499999999995678 -0.2500000000006349 0
0.6749999999995741 -0.250000000000639 0
0.6999999999995801 -0.2500000000006433 0
0.7249999999995862 -0.2500000000006474 0
0.7499999999995921 -0.2500000000006516 0
0.7749999999995982 -0.2500000000006558 0
0.7999999999996044 -0.25000000000066 0
0.8249999999996104 -0.2500000000006641 0
0.8499999999996165 -0.2500000000006682 0
0.8749999999996282 -0.2500000000006725 0
0.8999999999996982 -0.2500000000006767 0
0.9249999999997736 -0.2500000000006808 0
0.9499999999998492 -0.2500000000006851 0
0.9749999999999247 -0.2500000000006891 0
0.02499999999999438 -0.2250000000004642 0
0.04999999999998429 -0.2250000000004719 0
0.0749999999999789 -0.2250000000004796 0
0.09999999999997972 -0.2250000000004872 0
0.1249999999999786 -0.2250000000004948 0
0.1499999999999563 -0.2250000000005024 0
0.174999999999932 -0.2250000000005102 0
0.1999999999999077 -0.2250000000005178 0
0.2249999999998834 -0.2250000000005254 0
0.2499999999998591 -0.2250000000005331 0
0.2749999999998348 -0.2250000000005407 0
0.2999999999998105 -0.2250000000005483 0
0.3249999999997863 -0.2250000000005561 0
0.3499999999997619 -0.2250000000005636 0
0.3749999999997377 -0.2250000000005713 0
0.3999999999997134 -0.2250000000005789 0
0.4249999999996891 -0.2250000000005866 0
0.4499999999996647 -0.2250000000005943 0
0.4749999999996404 -0.2250000000006019 0
0.4999999999996182 -0.2250000000006096 0
0.5249999999996164 -0.2250000000006172 0
0.5499999999996165 -0.2250000000006249 0
0.5749999999996165 -0.2250000000006325 0
0.5999999999996168 -0.2250000000006402 0
0.6249999999996166 -0.2250000000006478 0
0.6499999999996169 -0.2250000000006555 0
0.6749999999996171 -0.2250000000006632 0
0.6999999999996172 -0.2250000000006708 0
0.7249999999996173 -0.2250000000006784 0
0.7499999999996174 -0.2250000000006862 0
0.7749999999996176 -0.2250000000006937 0
0.7999999999996176 -0.2250000000007014 0
0.8249999999996178 -0.225000000000709 0
0.8499999999996177 -0.2250000000007167 0
0.8749999999996237 -0.2250000000007243 0
0.8999999999996944 -0.225000000000732 0
0.9249999999997707 -0.2250000000007396 0
0.9499999999998472 -0.2250000000007473 0
0.9749999999999237 -0.225000000000755 0
0.02499999999999817 -0.2000000000003978 0
0.04999999999999201 -0.200000000000409 0
0.07499999999999039 -0.2000000000004201 0
0.09999999999999476 -0.2000000000004312 0
0.1249999999999973 -0.2000000000004423 0
0.1499999999999793 -0.2000000000004535 0
0.1749999999999595 -0.2000000000004646 0
0.1999999999999396 -0.2000000000004757 0
0.2249999999999197 -0.2000000000004868 0
0.2499999999998999 -0.2000000000004979 0
0.27499999999988 -0.200000000000509 0
0.2999999999998602 -0.2000000000005202 0
0.3249999999998403 -0.2000000000005313 0
0.3499999999998203 -0.2000000000005425 0
0.3749999999998006 -0.2000000000005536 0
0.3999999999997806 -0.2000000000005647 0
0.4249999999997608 -0.2000000000005759 0
0.4499999999997409 -0.200000000000587 0
0.4749999999997211 -0.2000000000005981 0
0.4999999999997023 -0.2000000000006093 0
0.5249999999996953 -0.2000000000006204 0
0.5499999999996895 -0.2000000000006315 0
0.5749999999996835 -0.2000000000006427 0
0.5999999999996777 -0.2000000000006538 0
0.6249999999996717 -0.2000000000006649 0
0.649999999999666 -0.200000000000676 0
0.6749999999996602 -0.2000000000006872 0
0.6999999999996542 -0.2000000000006983 0
0.7249999999996484 -0.2000000000007094 0
0.7499999999996425 -0.2000000000007205 0
0.7749999999996366 -0.2000000000007317 0
0.7999999999996306 -0.2000000000007428 0
0.8249999999996249 -0.2000000000007539 0
0.8499999999996189 -0.200000000000765 0
0.8749999999996196 -0.2000000000007762 0
0.8999999999996906 -0.2000000000007873 0
0.9249999999997678 -0.2000000000007984 0
0.9499999999998452 -0.2000000000008096 0
0.9749999999999224 -0.2000000000008207 0
0.02500000000000195 -0.175000000000342 0
0.04999999999999973 -0.1750000000003563 0
0.07500000000000188 -0.1750000000003706 0
0.1000000000000098 -0.175000000000385 0
0.125000000000016 -0.1750000000003993 0
0.1500000000000024 -0.1750000000004137 0
0.1749999999999869 -0.175000000000428 0
0.1999999999999715 -0.1750000000004424 0
0.224999999999956 -0.1750000000004567 0
0.2499999999999405 -0.175000000000471 0
0.2749999999999252 -0.1750000000004853 0
0.2999999999999098 -0.1750000000004997 0
0.3249999999998943 -0.175000000000514 0
0.3499999999998789 -0.1750000000005283 0
0.3749999999998634 -0.1750000000005427 0
0.399999999999848 -0.1750000000005571 0
0.4249999999998325 -0.1750000000005714 0
0.4499999999998171 -0.1750000000005857 0
0.4749999999998017 -0.1750000000006 0
0.4999999999997865 -0.1750000000006144 0
0.5249999999997743 -0.1750000000006287 0
0.5499999999997625 -0.1750000000006431 0
0.5749999999997506 -0.1750000000006574 0
0.599999999999739 -0.1750000000006718 0
0.6249999999997269 -0.1750000000006861 0
0.649999999999715 -0.1750000000007004 0
0.6749999999997032 -0.1750000000007147 0
0.6999999999996915 -0.175000000000729 0
0.7249999999996795 -0.1750000000007434 0
0.7499999999996676 -0.1750000000007577 0
0.7749999999996557 -0.1750000000007721 0
0.7999999999996439 -0.1750000000007864 0
0.824999999999632 -0.1750000000008007 0
0.8499999999996199 -0.1750000000008151 0
0.8749999999996152 -0.1750000000008294 0
0.8999999999996866 -0.1750000000008437 0
0.9249999999997651 -0.1750000000008581 0
0.9499999999998434 -0.1750000000008724 0
0.9749999999999215 -0.1750000000008867 0
0.02500000000000573 -0.1500000000002756 0
0.05000000000000744 -0.1500000000002934 0
0.07500000000001338 -0.1500000000003113 0
0.1000000000000248 -0.1500000000003291 0
0.1250000000000347 -0.1500000000003469 0
0.1500000000000254 -0.1500000000003647 0
0.1750000000000144 -0.1500000000003824 0
0.2000000000000034 -0.1500000000004003 0
0.2249999999999923 -0.1500000000004181 0
0.2499999999999813 -0.150000000000436 0
0.2749999999999704 -0.1500000000004538 0
0.2999999999999593 -0.1500000000004716 0
0.3249999999999482 -0.1500000000004894 0
0.3499999999999373 -0.1500000000005073 0
0.3749999999999263 -0.150000000000525 0
0.3999999999999153 -0.1500000000005428 0
0.4249999999999042 -0.1500000000005607 0
0.4499999999998932 -0.1500000000005785 0
0.4749999999998822 -0.1500000000005963 0
0.4999999999998707 -0.1500000000006141 0
0.5249999999998534 -0.1500000000006319 0
0.5499999999998356 -0.1500000000006498 0
0.5749999999998177 -0.1500000000006676 0
0.5999999999997998 -0.1500000000006853 0
0.6249999999997818 -0.1500000000007032 0
0.6499999999997643 -0.150000000000721 0
0.6749999999997464 -0.1500000000007388 0
0.6999999999997284 -0.1500000000007566 0
0.7249999999997105 -0.1500000000007744 0
0.7499999999996929 -0.1500000000007922 0
0.7749999999996752 -0.1500000000008102 0
0.799999999999657 -0.1500000000008279 0
0.8249999999996392 -0.1500000000008457 0
0.8499999999996215 -0.1500000000008635 0
0.8749999999996112 -0.1500000000008813 0
0.8999999999996826 -0.1500000000008991 0
0.9249999999997622 -0.1500000000009169 0
0.9499999999998415 -0.1500000000009348 0
0.9749999999999208 -0.1500000000009526 0
0.02500000000000952 -0.1250000000002162 0
0.05000000000001517 -0.1250000000002374 0
0.07500000000002485 -0.1250000000002586 0
0.1000000000000399 -0.1250000000002796 0
0.1250000000000533 -0.1250000000003008 0
0.1500000000000485 -0.1250000000003219 0
0.1750000000000418 -0.1250000000003429 0
0.2000000000000353 -0.125000000000364 0
0.2250000000000286 -0.1250000000003852 0
0.250000000000022 -0.1250000000004063 0
0.2750000000000155 -0.1250000000004274 0
0.3000000000000089 -0.1250000000004486 0
0.3250000000000024 -0.1250000000004696 0
0.3499999999999958 -0.1250000000004908 0
0.3749999999999891 -0.1250000000005118 0
0.3999999999999826 -0.1250000000005329 0
0.424999999999976 -0.1250000000005541 0
0.4499999999999694 -0.1250000000005752 0
0.4749999999999628 -0.1250000000005963 0
0.4999999999999548 -0.1250000000006174 0
0.5249999999999324 -0.1250000000006385 0
0.5499999999999085 -0.1250000000006597 0
0.5749999999998847 -0.1250000000006808 0
0.5999999999998611 -0.1250000000007019 0
0.624999999999837 -0.125000000000723 0
0.6499999999998132 -0.1250000000007441 0
0.6749999999997894 -0.1250000000007652 0
0.6999999999997657 -0.1250000000007863 0
0.7249999999997419 -0.1250000000008074 0
0.749999999999718 -0.1250000000008285 0
0.7749999999996942 -0.1250000000008497 0
0.7999999999996703 -0.1250000000008707 0
0.8249999999996467 -0.1250000000008918 0
0.8499999999996226 -0.1250000000009129 0
0.8749999999996068 -0.1250000000009341 0
0.8999999999996789 -0.1250000000009552 0
0.9249999999997595 -0.1250000000009764 0
0.9499999999998396 -0.1250000000009975 0
0.9749999999999198 -0.1250000000010185 0
0.02500000000001331 -0.1000000000001534 0
0.05000000000002289 -0.1000000000001779 0
0.07500000000003636 -0.1000000000002024 0
0.100000000000055 -0.1000000000002269 0
0.125000000000072 -0.1000000000002514 0
0.1500000000000715 -0.1000000000002759 0
0.1750000000000693 -0.1000000000003004 0
0.2000000000000672 -0.1000000000003249 0
0.2250000000000649 -0.1000000000003494 0
0.2500000000000629 -0.100000000000374 0
0.2750000000000607 -0.1000000000003984 0
0.3000000000000586 -0.1000000000004229 0
0.3250000000000564 -0.1000000000004474 0
0.3500000000000542 -0.100000000000472 0
0.375000000000052 -0.1000000000004964 0
0.4000000000000499 -0.1000000000005209 0
0.4250000000000477 -0.1000000000005454 0
0.4500000000000455 -0.1000000000005699 0
0.4750000000000433 -0.1000000000005944 0
0.500000000000039 -0.1000000000006189 0
0.5250000000000112 -0.1000000000006434 0
0.5499999999999817 -0.1000000000006679 0
0.5749999999999518 -0.1000000000006924 0
0.5999999999999219 -0.1000000000007169 0
0.6249999999998922 -0.1000000000007414 0
0.6499999999998625 -0.1000000000007659 0
0.6749999999998325 -0.1000000000007904 0
0.6999999999998028 -0.1000000000008149 0
0.7249999999997729 -0.1000000000008394 0
0.7499999999997431 -0.1000000000008639 0
0.7749999999997133 -0.1000000000008884 0
0.7999999999996834 -0.1000000000009129 0
0.8249999999996539 -0.1000000000009375 0
0.8499999999996241 -0.1000000000009619 0
0.8749999999996027 -0.1000000000009864 0
0.8999999999996753 -0.1000000000010109 0
0.9249999999997565 -0.1000000000010354 0
0.9499999999998376 -0.1000000000010599 0
0.9749999999999189 -0.1000000000010844 0
0.02500000000001709 -0.07500000000008707 0
0.05000000000003059 -0.07500000000011504 0
0.07500000000004786 -0.07500000000014301 0
0.10000000000007 -0.07500000000017099 0
0.1250000000000907 -0.07500000000019895 0
0.1500000000000945 -0.07500000000022694 0
0.1750000000000968 -0.0750000000002549 0
0.2000000000000991 -0.0750000000002829 0
0.2250000000001013 -0.07500000000031089 0
0.2500000000001035 -0.07500000000033882 0
0.2750000000001058 -0.07500000000036683 0
0.3000000000001081 -0.07500000000039482 0
0.3250000000001103 -0.07500000000042274 0
0.3500000000001126 -0.07500000000045076 0
0.3750000000001148 -0.07500000000047875 0
0.4000000000001172 -0.0750000000005067 0
0.4250000000001194 -0.07500000000053469 0
0.4500000000001217 -0.07500000000056267 0
0.4750000000001239 -0.07500000000059065 0
0.5000000000001233 -0.07500000000061863 0
0.5250000000000903 -0.0750000000006466 0
0.5500000000000547 -0.07500000000067458 0
0.5750000000000188 -0.07500000000070256 0
0.599999999999983 -0.07500000000073054 0
0.6249999999999472 -0.07500000000075853 0
0.6499999999999115 -0.07500000000078649 0
0.6749999999998757 -0.07500000000081446 0
0.6999999999998399 -0.07500000000084245 0
0.724999999999804 -0.07500000000087043 0
0.7499999999997684 -0.0750000000008984 0
0.7749999999997323 -0.07500000000092638 0
0.7999999999996967 -0.07500000000095436 0
0.8249999999996611 -0.07500000000098234 0
0.8499999999996249 -0.07500000000101031 0
0.8749999999995985 -0.07500000000103832 0
0.8999999999996713 -0.07500000000106627 0
0.9249999999997536 -0.07500000000109425 0
0.9499999999998356 -0.07500000000112222 0
0.974999999999918 -0.07500000000115017 0
0.02500000000002088 -0.05000000000003119 0
0.05000000000003832 -0.0500000000000624 0
0.07500000000005932 -0.05000000000009354 0
0.1000000000000851 -0.05000000000012472 0
0.1250000000001094 -0.05000000000015591 0
0.1500000000001176 -0.05000000000018713 0
0.1750000000001243 -0.05000000000021829 0
0.2000000000001309 -0.05000000000024948 0
0.2250000000001376 -0.05000000000028067 0
0.2500000000001443 -0.05000000000031184 0
0.275000000000151 -0.05000000000034303 0
0.3000000000001577 -0.05000000000037422 0
0.3250000000001644 -0.05000000000040543 0
0.3500000000001711 -0.05000000000043661 0
0.3750000000001777 -0.05000000000046777 0
0.4000000000001845 -0.05000000000049895 0
0.4250000000001911 -0.05000000000053018 0
0.4500000000001978 -0.05000000000056136 0
0.4750000000002045 -0.05000000000059254 0
0.5000000000002072 -0.05000000000062371 0
0.5250000000001693 -0.05000000000065491 0
0.5500000000001278 -0.05000000000068609 0
0.5750000000000859 -0.05000000000071729 0
0.6000000000000441 -0.05000000000074846 0
0.6250000000000026 -0.05000000000077964 0
0.6499999999999606 -0.05000000000081084 0
0.6749999999999189 -0.05000000000084202 0
0.6999999999998772 -0.05000000000087321 0
0.7249999999998353 -0.05000000000090438 0
0.7499999999997935 -0.05000000000093557 0
0.7749999999997517 -0.05000000000096677 0
0.7999999999997101 -0.05000000000099797 0
0.824999999999668 -0.05000000000102917 0
0.8499999999996262 -0.05000000000106034 0
0.8749999999995943 -0.0500000000010915 0
0.8999999999996675 -0.0500000000011227 0
0.9249999999997505 -0.05000000000115384 0
0.9499999999998339 -0.05000000000118507 0
0.974999999999917 -0.05000000000121621 0
0.02500000000002466 -0.02500000000009171 0
0.05000000000004604 -0.02500000000012313 0
0.07500000000007083 -0.02500000000015453 0
0.1000000000001001 -0.02500000000018594 0
0.1250000000001281 -0.02500000000021738 0
0.1500000000001406 -0.02500000000024879 0
0.1750000000001517 -0.02500000000028018 0
0.2000000000001628 -0.02500000000031159 0
0.2250000000001739 -0.025000000000343 0
0.2500000000001851 -0.02500000000037442 0
0.2750000000001962 -0.02500000000040581 0
0.3000000000002072 -0.02500000000043723 0
0.3250000000002183 -0.02500000000046866 0
0.3500000000002295 -0.02500000000050005 0
0.3750000000002406 -0.02500000000053149 0
0.4000000000002518 -0.02500000000056289 0
0.4250000000002628 -0.02500000000059429 0
0.450000000000274 -0.02500000000062572 0
0.4750000000002851 -0.02500000000065709 0
0.5000000000002918 -0.02500000000068852 0
0.5250000000002484 -0.02500000000071993 0
0.5500000000002007 -0.02500000000075136 0
0.5750000000001529 -0.02500000000078273 0
0.6000000000001051 -0.02500000000081414 0
0.6250000000000575 -0.02500000000084557 0
0.6500000000000097 -0.02500000000087702 0
0.6749999999999619 -0.0250000000009084 0
0.699999999999914 -0.02500000000093984 0
0.7249999999998664 -0.02500000000097122 0
0.7499999999998186 -0.02500000000100264 0
0.7749999999997708 -0.02500000000103401 0
0.7999999999997229 -0.02500000000106543 0
0.8249999999996753 -0.02500000000109687 0
0.8499999999996277 -0.02500000000112828 0
0.8749999999995901 -0.02500000000115969 0
0.8999999999996637 -0.02500000000119108 0
0.924999999999748 -0.02500000000122252 0
0.9499999999998319 -0.02500000000125392 0
0.9749999999999159 -0.02500000000128537 0
0.02500000000002845 -1.639525321062504e-13 0
0.05000000000005375 -1.949766736953463e-13 0
0.07500000000008235 -2.260554590739396e-13 0
0.1000000000001152 -2.570804680247827e-13 0
0.1250000000001467 -2.881575186799038e-13 0
0.1500000000001636 -3.192102832063427e-13 0
0.1750000000001792 -3.502595782858281e-13 0
0.2000000000001947 -3.81343567834833e-13 0
0.2250000000002102 -4.123581684447987e-13 0
0.2500000000002258 -4.434421579938038e-13 0
0.2750000000002413 -4.744914530732892e-13 0
0.3000000000002568 -5.055476870466784e-13 0
0.3250000000002724 -5.365900432322599e-13 0
0.350000000000288 -5.676462772056492e-13 0
0.3750000000003035 -5.987302667546543e-13 0
0.4000000000003191 -6.297865007280434e-13 0
0.4250000000003346 -6.608288569136247e-13 0
0.4500000000003501 -6.918712130992062e-13 0
0.4750000000003657 -7.229274470725957e-13 0
0.5000000000003758 -7.539975588337861e-13 0
0.5250000000003274 -7.850260372314802e-13 0
0.5500000000002737 -8.160822712047835e-13 0
0.57500000000022 -8.471662607537024e-13 0
0.6000000000001662 -8.782502503026212e-13 0
0.6250000000001126 -9.092787287003089e-13 0
0.6500000000000588 -9.403072070979965e-13 0
0.675000000000005 -9.713634410712998e-13 0
0.6999999999999513 -1.002447430620219e-12 0
0.7249999999998975 -1.033503664593522e-12 0
0.7499999999998439 -1.064559898566825e-12 0
0.7749999999997901 -1.095588376964513e-12 0
0.7999999999997363 -1.126700122089047e-12 0
0.8249999999996827 -1.157728600486735e-12 0
0.8499999999996287 -1.188784834460038e-12 0
0.8749999999995859 -1.219841068433354e-12 0
0.89999999999966 -1.250869546831201e-12 0
0.9249999999997449 -1.281981291955908e-12 0
0.9499999999998301 -1.313009770353768e-12 0
0.9749999999999148 -1.344093759902859e-12 0
0.02500000000003223 0.02499999999990163 0
0.05000000000006147 0.02499999999987043 0
0.07500000000009387 0.02499999999983918 0
0.1000000000001302 0.02499999999980791 0
0.1250000000001655 0.02499999999977668 0
0.1500000000001867 0.02499999999974549 0
0.1750000000002067 0.0249999999997142 0
0.2000000000002266 0.024999999999683 0
0.2250000000002465 0.02499999999965172 0
0.2500000000002665 0.02499999999962051 0
0.2750000000002865 0.02499999999958928 0
0.3000000000003065 0.02499999999955801 0
0.3250000000003264 0.02499999999952681 0
0.3500000000003464 0.02499999999949556 0
0.3750000000003664 0.0249999999994643 0
0.4000000000003864 0.02499999999943309 0
0.4250000000004063 0.0249999999994019 0
0.4500000000004263 0.02499999999937058 0
0.4750000000004462 0.02499999999933938 0
0.50000000000046 0.02499999999930815 0
0.5250000000004065 0.02499999999927691 0
0.5500000000003468 0.02499999999924565 0
0.5750000000002871 0.02499999999921444 0
0.6000000000002272 0.02499999999918322 0
0.6250000000001678 0.02499999999915196 0
0.6500000000001078 0.02499999999912075 0
0.6750000000000483 0.02499999999908949 0
0.6999999999999884 0.02499999999905828 0
0.7249999999999286 0.02499999999902698 0
0.749999999999869 0.02499999999899578 0
0.7749999999998092 0.02499999999896451 0
0.7999999999997496 0.02499999999893331 0
0.8249999999996899 0.02499999999890209 0
0.8499999999996298 0.02499999999887083 0
0.8749999999995816 0.02499999999883962 0
0.899999999999656 0.02499999999880836 0
0.9249999999997421 0.02499999999877712 0
0.9499999999998281 0.02499999999874589 0
0.974999999999914 0.02499999999871465 0
0.02500000000003602 0.04999999999996881 0
0.05000000000006918 0.04999999999993766 0
0.07500000000010536 0.04999999999990642 0
0.1000000000001453 0.04999999999987527 0
0.1250000000001841 0.04999999999984407 0
0.1500000000002097 0.04999999999981291 0
0.1750000000002341 0.04999999999978175 0
0.2000000000002585 0.04999999999975054 0
0.2250000000002828 0.04999999999971937 0
0.2500000000003073 0.04999999999968815 0
0.2750000000003316 0.04999999999965699 0
0.3000000000003561 0.04999999999962583 0
0.3250000000003804 0.04999999999959462 0
0.3500000000004048 0.04999999999956345 0
0.3750000000004292 0.04999999999953221 0
0.4000000000004537 0.04999999999950108 0
0.425000000000478 0.04999999999946991 0
0.4500000000005024 0.04999999999943872 0
0.4750000000005268 0.04999999999940755 0
0.5000000000005441 0.04999999999937636 0
0.5250000000004855 0.04999999999934517 0
0.5500000000004196 0.04999999999931397 0
0.5750000000003541 0.04999999999928281 0
0.6000000000002883 0.04999999999925163 0
0.6250000000002228 0.04999999999922047 0
0.6500000000001569 0.04999999999918922 0
0.6750000000000914 0.04999999999915805 0
0.7000000000000255 0.04999999999912688 0
0.7249999999999597 0.04999999999909571 0
0.7499999999998941 0.04999999999906456 0
0.7749999999998283 0.04999999999903332 0
0.7999999999997627 0.04999999999900218 0
0.824999999999697 0.04999999999897098 0
0.8499999999996312 0.04999999999893981 0
0.8749999999995773 0.04999999999890861 0
0.8999999999996524 0.04999999999887747 0
0.9249999999997391 0.04999999999884629 0
0.9499999999998261 0.04999999999881508 0
0.9749999999999133 0.04999999999878392 0
0.0250000000000398 0.07499999999992461 0
0.0500000000000769 0.07499999999989636 0
0.07500000000011685 0.07499999999986813 0
0.1000000000001603 0.07499999999983981 0
0.1250000000002028 0.07499999999981155 0
0.1500000000002328 0.07499999999978325 0
0.1750000000002616 0.07499999999975501 0
0.2000000000002904 0.07499999999972673 0
0.2250000000003191 0.0749999999996985 0
0.250000000000348 0.07499999999967019 0
0.2750000000003769 0.07499999999964188 0
0.3000000000004056 0.07499999999961365 0
0.3250000000004345 0.07499999999958537 0
0.3500000000004633 0.07499999999955709 0
0.3750000000004921 0.07499999999952883 0
0.4000000000005209 0.07499999999950056 0
0.4250000000005497 0.07499999999947225 0
0.4500000000005786 0.074999999999444 0
0.4750000000006073 0.07499999999941573 0
0.5000000000006283 0.07499999999938746 0
0.5250000000005646 0.07499999999935919 0
0.5500000000004929 0.07499999999933095 0
0.5750000000004212 0.07499999999930265 0
0.6000000000003494 0.07499999999927437 0
0.6250000000002779 0.07499999999924611 0
0.650000000000206 0.07499999999921786 0
0.6750000000001345 0.07499999999918955 0
0.7000000000000628 0.07499999999916129 0
0.724999999999991 0.07499999999913301 0
0.7499999999999194 0.0749999999991047 0
0.7749999999998476 0.07499999999907644 0
0.7999999999997758 0.07499999999904816 0
0.8249999999997041 0.07499999999901991 0
0.8499999999996325 0.07499999999899165 0
0.874999999999573 0.07499999999896334 0
0.8999999999996484 0.07499999999893506 0
0.9249999999997364 0.07499999999890683 0
0.9499999999998243 0.07499999999887857 0
0.9749999999999123 0.07499999999885029 0
0.02500000000004359 0.09999999999989043 0
0.05000000000008462 0.09999999999986482 0
0.07500000000012834 0.09999999999983922 0
0.1000000000001754 0.09999999999981354 0
0.1250000000002215 0.09999999999978794 0
0.1500000000002558 0.09999999999976229 0
0.175000000000289 0.09999999999973674 0
0.2000000000003223 0.0999999999997111 0
0.2250000000003554 0.09999999999968545 0
0.2500000000003887 0.09999999999965989 0
0.275000000000422 0.09999999999963424 0
0.3000000000004552 0.09999999999960861 0
0.3250000000004885 0.09999999999958298 0
0.3500000000005218 0.09999999999955735 0
0.375000000000555 0.09999999999953177 0
0.4000000000005882 0.09999999999950615 0
0.4250000000006214 0.09999999999948055 0
0.4500000000006547 0.09999999999945491 0
0.4750000000006879 0.09999999999942931 0
0.5000000000007127 0.09999999999940368 0
0.5250000000006436 0.09999999999937806 0
0.5500000000005657 0.09999999999935244 0
0.5750000000004882 0.09999999999932681 0
0.6000000000004104 0.0999999999993012 0
0.625000000000333 0.09999999999927556 0
0.650000000000255 0.09999999999924997 0
0.6750000000001776 0.09999999999922438 0
0.7000000000000999 0.0999999999991987 0
0.7250000000000221 0.09999999999917314 0
0.7499999999999445 0.09999999999914749 0
0.7749999999998667 0.09999999999912187 0
0.7999999999997891 0.09999999999909626 0
0.8249999999997112 0.09999999999907064 0
0.8499999999996334 0.09999999999904502 0
0.8749999999995688 0.09999999999901943 0
0.8999999999996446 0.09999999999899378 0
0.9249999999997337 0.09999999999896822 0
0.9499999999998223 0.09999999999894252 0
0.9749999999999114 0.09999999999891693 0
0.02500000000004738 0.1249999999998283 0
0.05000000000009233 0.124999999999806 0
0.07500000000013983 0.1249999999997838 0
0.1000000000001904 0.1249999999997616 0
0.1250000000002402 0.1249999999997393 0
0.1500000000002788 0.1249999999997171 0
0.1750000000003165 0.1249999999996948 0
0.2000000000003542 0.1249999999996726 0
0.2250000000003917 0.1249999999996503 0
0.2500000000004295 0.124999999999628 0
0.2750000000004671 0.1249999999996059 0
0.3000000000005049 0.1249999999995836 0
0.3250000000005424 0.1249999999995614 0
0.3500000000005802 0.1249999999995391 0
0.3750000000006178 0.1249999999995168 0
0.4000000000006555 0.1249999999994946 0
0.4250000000006932 0.1249999999994723 0
0.4500000000007308 0.1249999999994501 0
0.4750000000007685 0.1249999999994278 0
0.5000000000007966 0.1249999999994056 0
0.5250000000007224 0.1249999999993834 0
0.550000000000639 0.1249999999993611 0
0.5750000000005553 0.1249999999993389 0
0.6000000000004715 0.1249999999993166 0
0.625000000000388 0.1249999999992943 0
0.6500000000003043 0.1249999999992721 0
0.6750000000002206 0.1249999999992498 0
0.700000000000137 0.1249999999992276 0
0.7250000000000532 0.1249999999992053 0
0.7499999999999696 0.1249999999991831 0
0.774999999999886 0.1249999999991609 0
0.7999999999998022 0.1249999999991386 0
0.8249999999997185 0.1249999999991163 0
0.8499999999996347 0.1249999999990941 0
0.8749999999995648 0.1249999999990719 0
0.8999999999996409 0.1249999999990496 0
0.9249999999997306 0.1249999999990274 0
0.9499999999998205 0.1249999999990051 0
0.9749999999999103 0.1249999999989829 0
0.02500000000005116 0.1499999999997477 0
0.05000000000010005 0.1499999999997292 0
0.07500000000015132 0.1499999999997109 0
0.1000000000002055 0.1499999999996924 0
0.1250000000002588 0.1499999999996741 0
0.1500000000003019 0.1499999999996556 0
0.1750000000003439 0.1499999999996373 0
0.2000000000003861 0.1499999999996189 0
0.2250000000004281 0.1499999999996004 0
0.2500000000004702 0.1499999999995821 0
0.2750000000005123 0.1499999999995636 0
0.3000000000005544 0.1499999999995453 0
0.3250000000005966 0.1499999999995268 0
0.3500000000006386 0.1499999999995084 0
0.3750000000006807 0.14999999999949 0
0.4000000000007229 0.1499999999994716 0
0.4250000000007649 0.1499999999994532 0
0.450000000000807 0.1499999999994348 0
0.4750000000008491 0.1499999999994164 0
0.500000000000881 0.149999999999398 0
0.5250000000008015 0.1499999999993796 0
0.5500000000007118 0.1499999999993612 0
0.5750000000006223 0.1499999999993428 0
0.6000000000005326 0.1499999999993244 0
0.6250000000004431 0.1499999999993059 0
0.6500000000003532 0.1499999999992876 0
0.6750000000002637 0.1499999999992692 0
0.700000000000174 0.1499999999992508 0
0.7250000000000845 0.1499999999992324 0
0.7499999999999949 0.149999999999214 0
0.7749999999999051 0.1499999999991956 0
0.7999999999998153 0.1499999999991771 0
0.824999999999726 0.1499999999991588 0
0.849999999999636 0.1499999999991404 0
0.8749999999995602 0.1499999999991219 0
0.8999999999996371 0.1499999999991035 0
0.924999999999728 0.1499999999990852 0
0.9499999999998185 0.1499999999990668 0
0.9749999999999091 0.1499999999990483 0
0.02500000000005495 0.1749999999996601 0
0.05000000000010776 0.1749999999996457 0
0.07500000000016281 0.1749999999996313 0
0.1000000000002205 0.174999999999617 0
0.1250000000002775 0.1749999999996026 0
0.1500000000003249 0.1749999999995882 0
0.1750000000003714 0.1749999999995739 0
0.2000000000004179 0.1749999999995594 0
0.2250000000004644 0.174999999999545 0
0.250000000000511 0.1749999999995306 0
0.2750000000005574 0.1749999999995163 0
0.300000000000604 0.1749999999995019 0
0.3250000000006505 0.1749999999994875 0
0.3500000000006971 0.1749999999994731 0
0.3750000000007436 0.1749999999994587 0
0.4000000000007902 0.1749999999994443 0
0.4250000000008366 0.1749999999994299 0
0.4500000000008831 0.1749999999994156 0
0.4750000000009297 0.1749999999994012 0
0.5000000000009649 0.1749999999993868 0
0.5250000000008805 0.1749999999993724 0
0.5500000000007851 0.1749999999993581 0
0.5750000000006894 0.1749999999993437 0
0.6000000000005936 0.1749999999993292 0
0.6250000000004982 0.1749999999993149 0
0.6500000000004025 0.1749999999993005 0
0.6750000000003068 0.1749999999992861 0
0.7000000000002111 0.1749999999992717 0
0.7250000000001156 0.1749999999992573 0
0.75000000000002 0.174999999999243 0
0.7749999999999242 0.1749999999992286 0
0.7999999999998286 0.1749999999992142 0
0.8249999999997328 0.1749999999991998 0
0.849999999999637 0.1749999999991854 0
0.8749999999995561 0.174999999999171 0
0.8999999999996333 0.1749999999991566 0
0.9249999999997249 0.1749999999991423 0
0.9499999999998168 0.1749999999991278 0
0.9749999999999083 0.1749999999991135 0
0.02500000000005873 0.1999999999995972 0
0.05000000000011548 0.1999999999995862 0
0.0750000000001743 0.1999999999995752 0
0.1000000000002356 0.1999999999995642 0
0.1250000000002962 0.1999999999995533 0
0.150000000000348 0.1999999999995422 0
0.1750000000003989 0.1999999999995312 0
0.2000000000004498 0.1999999999995203 0
0.2250000000005007 0.1999999999995092 0
0.2500000000005516 0.1999999999994982 0
0.2750000000006027 0.1999999999994873 0
0.3000000000006536 0.1999999999994763 0
0.3250000000007045 0.1999999999994652 0
0.3500000000007555 0.1999999999994543 0
0.3750000000008065 0.1999999999994433 0
0.4000000000008574 0.1999999999994323 0
0.4250000000009083 0.1999999999994213 0
0.4500000000009592 0.1999999999994103 0
0.4750000000010103 0.1999999999993994 0
0.5000000000010493 0.1999999999993883 0
0.5250000000009596 0.1999999999993773 0
0.5500000000008579 0.1999999999993663 0
0.5750000000007565 0.1999999999993553 0
0.6000000000006547 0.1999999999993443 0
0.6250000000005532 0.1999999999993333 0
0.6500000000004515 0.1999999999993223 0
0.6750000000003499 0.1999999999993113 0
0.7000000000002484 0.1999999999993004 0
0.7250000000001466 0.1999999999992894 0
0.7500000000000451 0.1999999999992783 0
0.7749999999999435 0.1999999999992673 0
0.7999999999998417 0.1999999999992563 0
0.8249999999997401 0.1999999999992453 0
0.8499999999996386 0.1999999999992344 0
0.8749999999995518 0.1999999999992234 0
0.8999999999996293 0.1999999999992123 0
0.924999999999722 0.1999999999992013 0
0.9499999999998148 0.1999999999991904 0
0.9749999999999075 0.1999999999991794 0
0.02500000000006252 0.2249999999995448 0
0.05000000000012321 0.224999999999537 0
0.07500000000018579 0.2249999999995291 0
0.1000000000002506 0.2249999999995212 0
0.1250000000003149 0.2249999999995133 0
0.150000000000371 0.2249999999995055 0
0.1750000000004263 0.2249999999994976 0
0.2000000000004818 0.2249999999994897 0
0.225000000000537 0.2249999999994818 0
0.2500000000005925 0.224999999999474 0
0.2750000000006478 0.2249999999994661 0
0.3000000000007031 0.2249999999994582 0
0.3250000000007586 0.2249999999994504 0
0.350000000000814 0.2249999999994425 0
0.3750000000008693 0.2249999999994346 0
0.4000000000009248 0.2249999999994267 0
0.42500000000098 0.2249999999994188 0
0.4500000000010353 0.224999999999411 0
0.4750000000010908 0.2249999999994031 0
0.5000000000011334 0.2249999999993952 0
0.5250000000010384 0.2249999999993873 0
0.550000000000931 0.2249999999993795 0
0.5750000000008235 0.2249999999993716 0
0.6000000000007157 0.2249999999993637 0
0.6250000000006083 0.2249999999993558 0
0.6500000000005006 0.224999999999348 0
0.675000000000393 0.2249999999993401 0
0.7000000000002853 0.2249999999993322 0
0.7250000000001777 0.2249999999993243 0
0.7500000000000704 0.2249999999993164 0
0.7749999999999626 0.2249999999993086 0
0.7999999999998548 0.2249999999993008 0
0.8249999999997472 0.2249999999992929 0
0.8499999999996396 0.2249999999992849 0
0.8749999999995477 0.2249999999992771 0
0.8999999999996255 0.2249999999992692 0
0.924999999999719 0.2249999999992613 0
0.9499999999998128 0.2249999999992535 0
0.9749999999999064 0.2249999999992456 0
0.0250000000000663 0.2499999999994866 0
0.05000000000013091 0.2499999999994821 0
0.07500000000019731 0.2499999999994775 0
0.1000000000002657 0.2499999999994729 0
0.1250000000003335 0.2499999999994682 0
0.1500000000003941 0.2499999999994636 0
0.1750000000004538 0.2499999999994591 0
0.2000000000005136 0.2499999999994545 0
0.2250000000005734 0.2499999999994498 0
0.2500000000006331 0.2499999999994452 0
0.2750000000006931 0.2499999999994406 0
0.3000000000007528 0.249999999999436 0
0.3250000000008126 0.2499999999994314 0
0.3500000000008724 0.2499999999994268 0
0.3750000000009321 0.2499999999994222 0
0.400000000000992 0.2499999999994176 0
0.4250000000010518 0.249999999999413 0
0.4500000000011115 0.2499999999994083 0
0.4750000000011714 0.2499999999994037 0
0.5000000000012176 0.2499999999993991 0
0.5250000000011175 0.2499999999993945 0
0.550000000001004 0.2499999999993899 0
0.5750000000008906 0.2499999999993853 0
0.6000000000007768 0.2499999999993807 0
0.6250000000006634 0.2499999999993761 0
0.6500000000005497 0.2499999999993715 0
0.675000000000436 0.249999999999367 0
0.7000000000003226 0.2499999999993623 0
0.7250000000002088 0.2499999999993577 0
0.7500000000000953 0.249999999999353 0
0.7749999999999819 0.2499999999993485 0
0.7999999999998681 0.2499999999993439 0
0.8249999999997547 0.2499999999993393 0
0.8499999999996409 0.2499999999993346 0
0.8749999999995434 0.2499999999993301 0
0.8999999999996218 0.2499999999993254 0
0.9249999999997164 0.2499999999993208 0
0.949999999999811 0.2499999999993162 0
0.9749999999999055 0.2499999999993115 0
0.02500000000007009 0.274999999999426 0
0.05000000000013864 0.2749999999994249 0
0.0750000000002088 0.2749999999994236 0
0.1000000000002808 0.2749999999994223 0
0.1250000000003522 0.2749999999994209 0
0.150000000000417 0.2749999999994197 0
0.1750000000004813 0.2749999999994185 0
0.2000000000005455 0.2749999999994172 0
0.2250000000006097 0.2749999999994159 0
0.250000000000674 0.2749999999994147 0
0.2750000000007382 0.2749999999994133 0
0.3000000000008024 0.274999999999412 0
0.3250000000008666 0.2749999999994108 0
0.3500000000009308 0.2749999999994095 0
0.375000000000995 0.2749999999994082 0
0.4000000000010594 0.274999999999407 0
0.4250000000011235 0.2749999999994057 0
0.4500000000011877 0.2749999999994044 0
0.4750000000012519 0.274999999999403 0
0.5000000000013017 0.2749999999994019 0
0.5250000000011965 0.2749999999994006 0
0.5500000000010771 0.2749999999993993 0
0.5750000000009576 0.2749999999993979 0
0.6000000000008379 0.2749999999993967 0
0.6250000000007184 0.2749999999993956 0
0.6500000000005988 0.2749999999993942 0
0.6750000000004792 0.2749999999993928 0
0.7000000000003597 0.2749999999993916 0
0.7250000000002401 0.2749999999993904 0
0.7500000000001206 0.2749999999993891 0
0.775000000000001 0.2749999999993878 0
0.7999999999998815 0.2749999999993865 0
0.8249999999997617 0.2749999999993853 0
0.8499999999996423 0.274999999999384 0
0.8749999999995394 0.2749999999993827 0
0.899999999999618 0.2749999999993814 0
0.9249999999997135 0.2749999999993802 0
0.9499999999998088 0.2749999999993789 0
0.9749999999999047 0.2749999999993775 0
0.02500000000007387 0.299999999999484 0
0.05000000000014636 0.2999999999994829 0
0.07500000000022029 0.299999999999482 0
0.1000000000002958 0.2999999999994811 0
0.125000000000371 0.29999999999948 0
0.1500000000004401 0.2999999999994791 0
0.1750000000005087 0.2999999999994781 0
0.2000000000005774 0.2999999999994771 0
0.225000000000646 0.2999999999994761 0
0.2500000000007147 0.2999999999994752 0
0.2750000000007833 0.2999999999994741 0
0.3000000000008519 0.2999999999994731 0
0.3250000000009206 0.2999999999994722 0
0.3500000000009892 0.2999999999994711 0
0.3750000000010579 0.2999999999994701 0
0.4000000000011267 0.2999999999994692 0
0.4250000000011952 0.2999999999994682 0
0.4500000000012638 0.2999999999994672 0
0.4750000000013325 0.2999999999994662 0
0.5000000000013859 0.2999999999994654 0
0.5250000000012756 0.2999999999994643 0
0.5500000000011501 0.2999999999994634 0
0.5750000000010247 0.2999999999994623 0
0.6000000000008989 0.2999999999994614 0
0.6250000000007735 0.2999999999994604 0
0.6500000000006478 0.2999999999994594 0
0.6750000000005225 0.2999999999994584 0
0.7000000000003967 0.2999999999994574 0
0.7250000000002712 0.2999999999994565 0
0.7500000000001459 0.2999999999994554 0
0.7750000000000201 0.2999999999994545 0
0.7999999999998946 0.2999999999994535 0
0.8249999999997689 0.2999999999994525 0
0.8499999999996432 0.2999999999994515 0
0.8749999999995349 0.2999999999994505 0
0.8999999999996142 0.2999999999994496 0
0.9249999999997106 0.2999999999994485 0
0.949999999999807 0.2999999999994476 0
0.9749999999999036 0.2999999999994465 0
0.02500000000007766 0.3249999999995525 0
0.05000000000015407 0.3249999999995515 0
0.07500000000023181 0.3249999999995505 0
0.1000000000003108 0.3249999999995495 0
0.1250000000003896 0.3249999999995486 0
0.1500000000004631 0.3249999999995477 0
0.1750000000005362 0.3249999999995467 0
0.2000000000006093 0.3249999999995457 0
0.2250000000006823 0.3249999999995447 0
0.2500000000007555 0.3249999999995438 0
0.2750000000008285 0.3249999999995429 0
0.3000000000009015 0.3249999999995419 0
0.3250000000009747 0.324999999999541 0
0.3500000000010477 0.32499999999954 0
0.3750000000011208 0.3249999999995389 0
0.400000000001194 0.324999999999538 0
0.4250000000012669 0.3249999999995371 0
0.45000000000134 0.3249999999995361 0
0.4750000000014131 0.3249999999995351 0
0.5000000000014703 0.3249999999995342 0
0.5250000000013546 0.3249999999995332 0
0.5500000000012232 0.3249999999995322 0
0.5750000000010917 0.3249999999995313 0
0.60000000000096 0.3249999999995303 0
0.6250000000008286 0.3249999999995293 0
0.6500000000006969 0.3249999999995284 0
0.6750000000005656 0.3249999999995273 0
0.7000000000004341 0.3249999999995265 0
0.7250000000003025 0.3249999999995256 0
0.750000000000171 0.3249999999995246 0
0.7750000000000392 0.3249999999995236 0
0.7999999999999077 0.3249999999995227 0
0.8249999999997761 0.3249999999995217 0
0.8499999999996444 0.3249999999995207 0
0.8749999999995308 0.3249999999995198 0
0.8999999999996102 0.3249999999995188 0
0.9249999999997077 0.3249999999995178 0
0.9499999999998052 0.3249999999995169 0
0.9749999999999026 0.3249999999995159 0
0.02500000000008145 0.3499999999996209 0
0.05000000000016179 0.3499999999996199 0
0.07500000000024326 0.349999999999619 0
0.1000000000003259 0.3499999999996181 0
0.1250000000004083 0.3499999999996172 0
0.1500000000004862 0.3499999999996162 0
0.1750000000005636 0.3499999999996152 0
0.2000000000006412 0.3499999999996143 0
0.2250000000007186 0.3499999999996133 0
0.2500000000007961 0.3499999999996124 0
0.2750000000008736 0.3499999999996114 0
0.3000000000009512 0.3499999999996105 0
0.3250000000010287 0.3499999999996096 0
0.3500000000011062 0.3499999999996086 0
0.3750000000011836 0.3499999999996077 0
0.4000000000012612 0.3499999999996068 0
0.4250000000013386 0.349999999999606 0
0.4500000000014162 0.349999999999605 0
0.4750000000014937 0.349999999999604 0
0.5000000000015542 0.3499999999996031 0
0.5250000000014337 0.3499999999996021 0
0.5500000000012962 0.3499999999996011 0
0.5750000000011588 0.3499999999996002 0
0.600000000001021 0.3499999999995993 0
0.6250000000008835 0.3499999999995983 0
0.650000000000746 0.3499999999995973 0
0.6750000000006089 0.3499999999995964 0
0.7000000000004711 0.3499999999995955 0
0.7250000000003336 0.3499999999995946 0
0.7500000000001961 0.3499999999995936 0
0.7750000000000583 0.3499999999995926 0
0.799999999999921 0.3499999999995918 0
0.8249999999997834 0.3499999999995908 0
0.8499999999996458 0.3499999999995898 0
0.8749999999995265 0.3499999999995889 0
0.8999999999996064 0.349999999999588 0
0.9249999999997048 0.3499999999995871 0
0.9499999999998034 0.3499999999995861 0
0.9749999999999016 0.349999999999585 0
0.02500000000008524 0.3749999999996788 0
0.05000000000016952 0.3749999999996781 0
0.07500000000025481 0.3749999999996774 0
0.1000000000003409 0.3749999999996769 0
0.125000000000427 0.3749999999996763 0
0.1500000000005092 0.3749999999996755 0
0.1750000000005912 0.3749999999996749 0
0.2000000000006731 0.3749999999996742 0
0.2250000000007549 0.3749999999996735 0
0.2500000000008369 0.374999999999673 0
0.2750000000009189 0.3749999999996724 0
0.3000000000010007 0.3749999999996717 0
0.3250000000010826 0.3749999999996709 0
0.3500000000011646 0.3749999999996703 0
0.3750000000012466 0.3749999999996697 0
0.4000000000013285 0.374999999999669 0
0.4250000000014104 0.3749999999996684 0
0.4500000000014923 0.3749999999996678 0
0.4750000000015742 0.3749999999996672 0
0.5000000000016386 0.3749999999996665 0
0.5250000000015127 0.3749999999996658 0
0.5500000000013691 0.3749999999996652 0
0.5750000000012256 0.3749999999996645 0
0.6000000000010821 0.3749999999996638 0
0.6250000000009387 0.3749999999996632 0
0.6500000000007951 0.3749999999996624 0
0.6750000000006519 0.374999999999662 0
0.7000000000005082 0.3749999999996614 0
0.7250000000003647 0.3749999999996607 0
0.7500000000002214 0.37499999999966 0
0.7750000000000776 0.3749999999996593 0
0.7999999999999341 0.3749999999996587 0
0.8249999999997907 0.3749999999996581 0
0.8499999999996469 0.3749999999996574 0
0.8749999999995223 0.3749999999996567 0
0.8999999999996027 0.374999999999656 0
0.9249999999997022 0.3749999999996554 0
0.9499999999998012 0.3749999999996547 0
0.9749999999999007 0.3749999999996541 0
0.02500000000008901 0.3999999999997473 0
0.05000000000017724 0.3999999999997467 0
0.07500000000026628 0.399999999999746 0
0.100000000000356 0.3999999999997454 0
0.1250000000004457 0.3999999999997447 0
0.1500000000005323 0.3999999999997441 0
0.1750000000006186 0.3999999999997434 0
0.2000000000007049 0.3999999999997429 0
0.2250000000007912 0.3999999999997423 0
0.2500000000008776 0.3999999999997416 0
0.275000000000964 0.399999999999741 0
0.3000000000010504 0.3999999999997403 0
0.3250000000011367 0.3999999999997397 0
0.350000000001223 0.3999999999997391 0
0.3750000000013094 0.3999999999997385 0
0.4000000000013958 0.3999999999997379 0
0.4250000000014821 0.3999999999997372 0
0.4500000000015685 0.3999999999997367 0
0.4750000000016549 0.399999999999736 0
0.5000000000017227 0.3999999999997353 0
0.5250000000015917 0.3999999999997347 0
0.5500000000014423 0.3999999999997341 0
0.5750000000012927 0.3999999999997335 0
0.6000000000011432 0.3999999999997329 0
0.6250000000009938 0.3999999999997322 0
0.6500000000008443 0.3999999999997316 0
0.6750000000006949 0.399999999999731 0
0.7000000000005453 0.3999999999997302 0
0.7250000000003958 0.3999999999997297 0
0.7500000000002462 0.3999999999997291 0
0.7750000000000969 0.3999999999997284 0
0.7999999999999472 0.3999999999997279 0
0.8249999999997979 0.3999999999997271 0
0.849999999999648 0.3999999999997266 0
0.8749999999995182 0.3999999999997259 0
0.8999999999995987 0.3999999999997253 0
0.9249999999996991 0.3999999999997247 0
0.9499999999997994 0.399999999999724 0
0.9749999999998999 0.3999999999997235 0
0.0250000000000928 0.4249999999998087 0
0.05000000000018495 0.4249999999998082 0
0.07500000000027778 0.4249999999998079 0
0.1000000000003711 0.4249999999998075 0
0.1250000000004643 0.424999999999807 0
0.1500000000005553 0.4249999999998066 0
0.1750000000006461 0.4249999999998062 0
0.2000000000007368 0.4249999999998056 0
0.2250000000008275 0.4249999999998054 0
0.2500000000009184 0.4249999999998049 0
0.2750000000010092 0.4249999999998044 0
0.3000000000010999 0.424999999999804 0
0.3250000000011908 0.4249999999998037 0
0.3500000000012815 0.4249999999998033 0
0.3750000000013722 0.4249999999998028 0
0.4000000000014631 0.4249999999998023 0
0.4250000000015538 0.424999999999802 0
0.4500000000016445 0.4249999999998014 0
0.4750000000017353 0.4249999999998011 0
0.5000000000018069 0.4249999999998006 0
0.5250000000016708 0.4249999999998002 0
0.5500000000015152 0.4249999999997997 0
0.5750000000013598 0.4249999999997993 0
0.6000000000012042 0.4249999999997988 0
0.6250000000010488 0.4249999999997984 0
0.6500000000008934 0.4249999999997981 0
0.675000000000738 0.4249999999997978 0
0.7000000000005824 0.4249999999997972 0
0.7250000000004269 0.4249999999997968 0
0.7500000000002716 0.4249999999997963 0
0.775000000000116 0.424999999999796 0
0.7999999999999605 0.4249999999997955 0
0.8249999999998049 0.4249999999997951 0
0.8499999999996494 0.4249999999997947 0
0.8749999999995138 0.4249999999997942 0
0.8999999999995951 0.4249999999997937 0
0.9249999999996964 0.4249999999997933 0
0.9499999999997975 0.4249999999997929 0
0.9749999999998989 0.4249999999997925 0
0.02500000000009659 0.4499999999998736 0
0.05000000000019267 0.4499999999998734 0
0.07500000000028927 0.4499999999998731 0
0.1000000000003861 0.4499999999998727 0
0.125000000000483 0.4499999999998723 0
0.1500000000005784 0.4499999999998721 0
0.1750000000006736 0.4499999999998718 0
0.2000000000007688 0.4499999999998715 0
0.2250000000008638 0.4499999999998711 0
0.2500000000009591 0.4499999999998708 0
0.2750000000010543 0.4499999999998704 0
0.3000000000011495 0.4499999999998701 0
0.3250000000012447 0.4499999999998699 0
0.3500000000013399 0.4499999999998695 0
0.3750000000014351 0.4499999999998692 0
0.4000000000015305 0.4499999999998688 0
0.4250000000016255 0.4499999999998686 0
0.4500000000017207 0.4499999999998683 0
0.4750000000018159 0.449999999999868 0
0.500000000001891 0.4499999999998676 0
0.5250000000017498 0.4499999999998672 0
0.5500000000015884 0.4499999999998669 0
0.5750000000014268 0.4499999999998666 0
0.6000000000012653 0.4499999999998664 0
0.6250000000011039 0.4499999999998661 0
0.6500000000009425 0.4499999999998657 0
0.6750000000007811 0.4499999999998655 0
0.7000000000006197 0.449999999999865 0
0.7250000000004579 0.4499999999998647 0
0.7500000000002969 0.4499999999998643 0
0.7750000000001351 0.4499999999998642 0
0.7999999999999736 0.4499999999998639 0
0.824999999999812 0.4499999999998636 0
0.8499999999996506 0.4499999999998632 0
0.8749999999995096 0.4499999999998629 0
0.8999999999995911 0.4499999999998626 0
0.9249999999996935 0.4499999999998623 0
0.9499999999997957 0.4499999999998618 0
0.9749999999998978 0.4499999999998616 0
0.02500000000010038 0.474999999999942 0
0.05000000000020038 0.4749999999999417 0
0.07500000000030076 0.4749999999999415 0
0.1000000000004012 0.4749999999999412 0
0.1250000000005017 0.4749999999999409 0
0.1500000000006013 0.4749999999999406 0
0.175000000000701 0.4749999999999403 0
0.2000000000008006 0.47499999999994 0
0.2250000000009001 0.4749999999999397 0
0.2500000000009999 0.4749999999999394 0
0.2750000000010994 0.4749999999999392 0
0.3000000000011991 0.4749999999999388 0
0.3250000000012987 0.4749999999999386 0
0.3500000000013984 0.4749999999999381 0
0.3750000000014979 0.474999999999938 0
0.4000000000015977 0.4749999999999376 0
0.4250000000016972 0.4749999999999374 0
0.4500000000017969 0.4749999999999371 0
0.4750000000018965 0.4749999999999368 0
0.5000000000019752 0.4749999999999365 0
0.5250000000018287 0.4749999999999363 0
0.5500000000016613 0.4749999999999358 0
0.5750000000014939 0.4749999999999355 0
0.6000000000013264 0.4749999999999354 0
0.625000000001159 0.4749999999999349 0
0.6500000000009916 0.4749999999999346 0
0.6750000000008242 0.4749999999999344 0
0.7000000000006568 0.4749999999999341 0
0.7250000000004893 0.4749999999999338 0
0.7500000000003217 0.4749999999999336 0
0.7750000000001545 0.4749999999999333 0
0.7999999999999867 0.4749999999999329 0
0.8249999999998193 0.4749999999999326 0
0.8499999999996518 0.4749999999999323 0
0.8749999999995054 0.4749999999999321 0
0.8999999999995874 0.4749999999999319 0
0.9249999999996906 0.4749999999999314 0
0.9499999999997937 0.4749999999999311 0
0.9749999999998969 0.4749999999999309 0
$EndNodes
$Elements
7 1760 1 1760
1 1 1 18
1 1 7
2 7 8
3 8 9
4 9 10
5 10 11
6 11 12
7 12 13
8 13 14
9 14 15
10 15 16
11 16 17
12 17 18
13 18 19
14 19 20
15 20 21
16 21 22
17 22 23
18 23 2
1 2 1 4
19 2 24
20 24 25
21 25 26
22 26 3
1 3 1 18
23 3 27
24 27 28
25 28 29
26 29 30
27 30 31
28 31 32
29 32 33
30 33 34
31 34 35
32 35 36
33 36 37
34 37 38
35 38 39
36 39 40
37 40 41
38 41 42
39 42 43
40 43 4
1 4 1 40
41 1 44
42 44 45
43 45 46
44 46 47
45 47 48
46 48 49
47 49 50
48 50 51
49 51 52
50 52 53
51 53 54
52 54 55
53 55 56
54 56 57
55 57 58
56 58 59
57 59 60
58 60 61
59 61 62
60 62 63
61 63 64
62 64 65
63 65 66
64 66 67
65 67 68
66 68 69
67 69 70
68 70 71
69 71 72
70 72 73
71 73 74
72 74 75
73 75 76
74 76 77
75 77 78
76 78 79
77 79 80
78 80 81
79 81 82
80 82 5
1 5 1 40
81 5 83
82 83 84
83 84 85
84 85 86
85 86 87
86 87 88
87 88 89
88 89 90
89 90 91
90 91 92
91 92 93
92 93 94
93 94 95
94 95 96
95 96 97
96 97 98
97 98 99
98 99 100
99 100 101
100 101 102
101 102 103
102 103 104
103 104 105
104 105 106
105 106 107
106 107 108
107 108 109
108 109 110
109 110 111
110 111 112
111 112 113
112 113 114
113 114 115
114 115 116
115 116 117
116 117 118
117 118 119
118 119 120
119 120 121
120 121 6
1 6 1 40
121 6 122
122 122 123
123 123 124
124 124 125
125 125 126
126 126 127
127 127 128
128 128 129
129 129 130
130 130 131
131 131 132
132 132 133
133 133 134
134 134 135
135 135 136
136 136 137
137 137 138
138 138 139
139 139 140
140 140 141
141 141 142
142 142 143
143 143 144
144 144 145
145 145 146
146 146 147
147 147 148
148 148 149
149 149 150
150 150 151
151 151 152
152 152 153
153 153 154
154 154 155
155 155 156
156 156 157
157 157 158
158 158 159
159 159 160
160 160 4
2 1 3 1600
161 1 44 161 7
162 44 45 162 161
163 45 46 163 162
164 46 47 164 163
165 47 48 165 164
166 48 49 166 165
167 49 50 167 166
168 50 51 168 167
169 51 52 169 168
170 52 53 170 169
171 53 54 171 170
172 54 55 172 171
173 55 56 173 172
174 56 57 174 173
175 57 58 175 174
176 58 59 176 175
177 59 60 177 176
178 60 61 178 177
179 61 62 179 178
180 62 63 180 179
181 63 64 181 180
182 64 65 182 181
183 65 66 183 182
184 66 67 184 183
185 67 68 185 184
186 68 69 186 185
187 69 70 187 186
188 70 71 188 187
189 71 72 189 188
190 72 73 190 189
191 73 74 191 190
192 74 75 192 191
193 75 76 193 192
194 76 77 194 193
195 77 78 195 194
196 78 79 196 195
197 79 80 197 196
198 80 81 198 197
199 81 82 199 198
200 82 5 83 199
201 7 161 200 8
202 161 162 201 200
203 162 163 202 201
204 163 164 203 202
205 164 165 204 203
206 165 166 205 204
207 166 167 206 205
208 167 168 207 206
209 168 169 208 207
210 169 170 209 208
211 170 171 210 209
212 171 172 211 210
213 172 173 212 211
214 173 174 213 212
215 174 175 214 213
216 175 176 215 214
217 176 177 216 215
218 177 178 217 216
219 178 179 218 217
220 179 180 219 218
221 180 181 220 219
222 181 182 221 220
223 182 183 222 221
224 183 184 223 222
225 184 185 224 223
226 185 186 225 224
227 186 187 226 225
228 187 188 227 226
229 188 189 228 227
230 189 190 229 228
231 190 191 230 229
232 191 192 231 230
233 192 193 232 231
234 193 194 233 232
235 194 195 234 233
236 195 196 235 234
237 196 197 236 235
238 197 198 237 236
239 198 199 238 237
240 199 83 84 238
241 8 200 239 9
242 200 201 240 239
243 201 202 241 240
244 202 203 242 241
245 203 204 243 242
246 204 205 244 243
247 205 206 245 244
248 206 207 246 245
249 207 208 247 246
250 208 209 248 247
251 209 210 249 248
252 210 211 250 249
253 211 212 251 250
254 212 213 252 251
255 213 214 253 252
256 214 215 254 253
257 215 216 255 254
258 216 217 256 255
259 217 218 257 256
260 218 219 258 257
261 219 220 259 258
262 220 221 260 259
263 221 222 261 260
264 222 223 262 261
265 223 224 263 262
266 224 225 264 263
267 225 226 265 264
268 226 227 266 265
269 227 228 267 266
270 228 229 268 267
271 229 230 269 268
272 230 231 270 269
273 231 232 271 270
274 232 233 272 271
275 233 234 273 272
276 234 235 274 273
277 235 236 275 274
278 236 237 276 275
279 237 238 277 276
280 238 84 85 277
281 9 239 278 10
282 239 240 279 278
283 240 241 280 279
284 241 242 281 280
285 242 243 282 281
286 243 244 283 282
287 244 245 284 283
288 245 246 285 284
289 246 247 286 285
290 247 248 287 286
291 248 249 288 287
292 249 250 289 288
293 250 251 290 289
294 251 252 291 290
295 252 253 292 291
296 253 254 293 292
297 254 255 294 293
298 255 256 295 294
299 256 257 296 295
300 257 258 297 296
301 258 259 298 297
302 259 260 299 298
303 260 261 300 299
304 261 262 301 300
305 262 263 302 301
306 263 264 303 302
307 264 265 304 303
308 265 266 305 304
309 266 267 306 305
310 267 268 307 306
311 268 269 308 307
312 269 270 309 308
313 270 271 310 309
314 271 272 311 310
315 272 273 312 311
316 273 274 313 312
317 274 275 314 313
318 275 276 315 314
319 276 277 316 315
320 277 85 86 316
321 10 278 317 11
322 278 279 318 317
323 279 280 319 318
324 280 281 320 319
325 281 282 321 320
326 282 283 322 321
327 283 284 323 322
328 284 285 324 323
329 285 286 325 324
330 286 287 326 325
331 287 288 327 326
332 288 289 328 327
333 289 290 329 328
334 290 291 330 329
335 291 292 331 330
336 292 293 332 331
337 293 294 333 332
338 294 295 334 333
339 295 296 335 334
340 296 297 336 335
341 297 298 337 336
342 298 299 338 337
343 299 300 339 338
344 300 301 340 339
345 301 302 341 340
346 302 303 342 341
347 303 304 343 342
348 304 305 344 343
349 305 306 345 344
350 306 307 346 345
351 307 308 347 346
352 308 309 348 347
353 309 310 349 348
354 310 311 350 349
355 311 312 351 350
356 312 313 352 351
357 313 314 353 352
358 314 315 354 353
359 315 316 355 354
360 316 86 87 355
361 11 317 356 12
362 317 318 357 356
363 318 319 358 357
364 319 320 359 358
365 320 321 360 359
366 321 322 361 360
367 322 323 362 361
368 323 324 363 362
369 324 325 364 363
370 325 326 365 364
371 326 327 366 365
372 327 328 367 366
373 328 329 368 367
374 329 330 369 368
375 330 331 370 369
376 331 332 371 370
377 332 333 372 371
378 333 334 373 372
379 334 335 374 373
380 335 336 375 374
381 336 337 376 375
382 337 338 377 376
383 338 339 378 377
384 339 340 379 378
385 340 341 380 379
386 341 342 381 380
387 342 343 382 381
388 343 344 383 382
389 344 345 384 383
390 345 346 385 384
391 346 347 386 385
392 347 348 387 386
393 348 349 388 387
394 349 350 389 388
395 350 351 390 389
396 351 352 391 390
397 352 353 392 391
398 353 354 393 392
399 354 355 394 393
400 355 87 88 394
401 12 356 395 13
402 356 357 396 395
403 357 358 397 396
404 358 359 398 397
405 359 360 399 398
406 360 361 400 399
407 361 362 401 400
408 362 363 402 401
409 363 364 403 402
410 364 365 404 403
411 365 366 405 404
412 366 367 406 405
413 367 368 407 406
414 368 369 408 407
415 369 370 409 408
416 370 371 410 409
417 371 372 411 410
418 372 373 412 411
419 373 374 413 412
420 374 375 414 413
421 375 376 415 414
422 376 377 416 415
423 377 378 417 416
424 378 379 418 417
425 379 380 419 418
426 380 381 420 419
427 381 382 421 420
428 382 383 422 421
429 383 384 423 422
430 384 385 424 423
431 385 386 425 424
432 386 387 426 425
433 387 388 427 426
434 388 389 428 427
435 389 390 429 428
436 390 391 430 429
437 391 392 431 430
438 392 393 432 431
439 393 394 433 432
440 394 88 89 433
441 13 395 434 14
442 395 396 435 434
443 396 397 436 435
444 397 398 437 436
445 398 399 438 437
446 399 400 439 438
447 400 401 440 439
448 401 402 441 440
449 402 403 442 441
450 403 404 443 442
451 404 405 444 443
452 405 406 445 444
453 406 407 446 445
454 407 408 447 446
455 408 409 448 447
456 409 410 449 448
457 410 411 450 449
458 411 412 451 450
459 412 413 452 451
460 413 414 453 452
461 414 415 454 453
462 415 416 455 454
463 416 417 456 455
464 417 418 457 456
465 418 419 458 457
466 419 420 459 458
467 420 421 460 459
468 421 422 461 460
469 422 423 462 461
470 423 424 463 462
471 424 425 464 463
472 425 426 465 464
473 426 427 466 465
474 427 428 467 466
475 428 429 468 467
476 429 430 469 468
477 430 431 470 469
478 431 432 471 470
479 432 433 472 471
480 433 89 90 472
481 14 434 473 15
482 434 435 474 473
483 435 436 475 474
484 436 437 476 475
485 437 438 477 476
486 438 439 478 477
487 439 440 479 478
488 440 441 480 479
489 441 442 481 480
490 442 443 482 481
491 443 444 483 482
492 444 445 484 483
493 445 446 485 484
494 446 447 486 485
495 447 448 487 486
496 448 449 488 487
497 449 450 489 488
498 450 451 490 489
499 451 452 491 490
500 452 453 492 491
501 453 454 493 492
502 454 455 494 493
503 455 456 495 494
504 456 457 496 495
505 457 458 497 496
506 458 459 498 497
507 459 460 499 498
508 460 461 500 499
509 461 462 501 500
510 462 463 502 501
511 463 464 503 502
512 464 465 504 503
513 465 466 505 504
514 466 467 506 505
515 467 468 507 506
516 468 469 508 507
517 469 470 509 508
518 470 471 510 509
519 471 472 511 510
520 472 90 91 511
521 15 473 512 16
522 473 474 513 512
523 474 475 514 513
524 475 476 515 514
525 476 477 516 515
526 477 478 517 516
527 478 479 518 517
528 479 480 519 518
529 480 481 520 519
530 481 482 521 520
531 482 483 522 521
532 483 484 523 522
533 484 485 524 523
534 485 486 525 524
535 486 487 526 525
536 487 488 527 526
537 488 489 528 527
538 489 490 529 528
539 490 491 530 529
540 491 492 531 530
541 492 493 532 531
542 493 494 533 532
543 494 495 534 533
544 495 496 535 534
545 496 497 536 535
546 497 498 537 536
547 498 499 538 537
548 499 500 539 538
549 500 501 540 539
550 501 502 541 540
551 502 503 542 541
552 503 504 543 542
553 504 505 544 543
554 505 506 545 544
555 506 507 546 545
556 507 508 547 546
557 508 509 548 547
558 509 510 549 548
559 510 511 550 549
560 511 91 92 550
561 16 512 551 17
562 512 513 552 551
563 513 514 553 552
564 514 515 554 553
565 515 516 555 554
566 516 517 556 555
567 517 518 557 556
568 518 519 558 557
569 519 520 559 558
570 520 521 560 559
571 521 522 561 560
572 522 523 562 561
573 523 524 563 562
574 524 525 564 563
575 525 526 565 564
576 526 527 566 565
577 527 528 567 566
578 528 529 568 567
579 529 530 569 568
580 530 531 570 569
581 531 532 571 570
582 532 533 572 571
583 533 534 573 572
584 534 535 574 573
585 535 536 575 574
586 536 537 576 575
587 537 538 577 576
588 538 539 578 577
589 539 540 579 578
590 540 541 580 579
591 541 542 581 580
592 542 543 582 581
593 543 544 583 582
594 544 545 584 583
595 545 546 585 584
596 546 547 586 585
597 547 548 587 586
598 548 549 588 587
599 549 550 589 588
600 550 92 93 589
601 17 551 590 18
602 551 552 591 590
603 552 553 592 591
604 553 554 593 592
605 554 555 594 593
606 555 556 595 594
607 556 557 596 595
608 557 558 597 596
609 558 559 598 597
610 559 560 599 598
611 560 561 600 599
612 561 562 601 600
613 562 563 602 601
614 563 564 603 602
615 564 565 604 603
616 565 566 605 604
617 566 567 606 605
618 567 568 607 606
619 568 569 608 607
620 569 570 609 608
621 570 571 610 609
622 571 572 611 610
623 572 573 612 611
624 573 574 613 612
625 574 575 614 613
626 575 576 615 614
627 576 577 616 615
628 577 578 617 616
629 578 579 618 617
630 579 580 619 618
631 580 581 620 619
632 581 582 621 620
633 582 583 622 621
634 583 584 623 622
635 584 585 624 623
636 585 586 625 624
637 586 587 626 625
638 587 588 627 626
639 588 589 628 627
640 589 93 94 628
641 18 590 629 19
642 590 591 630 629
643 591 592 631 630
644 592 593 632 631
645 593 594 633 632
646 594 595 634 633
647 595 596 635 634
648 596 597 636 635
649 597 598 637 636
650 598 599 638 637
651 599 600 639 638
652 600 601 640 639
653 601 602 641 640
654 602 603 642 641
655 603 604 643 642
656 604 605 644 643
657 605 606 645 644
658 606 607 646 645
659 607 608 647 646
660 608 609 648 647
661 609 610 649 648
662 610 611 650 649
663 611 612 651 650
664 612 613 652 651
665 613 614 653 652
666 614 615 654 653
667 615 616 655 654
668 616 617 656 655
669 617 618 657 656
670 618 619 658 657
671 619 620 659 658
672 620 621 660 659
673 621 622 661 660
674 622 623 662 661
675 623 624 663 662
676 624 625 664 663
677 625 626 665 664
678 626 627 666 665
679 627 628 667 666
680 628 94 95 667
681 19 629 668 20
682 629 630 669 668
683 630 631 670 669
684 631 632 671 670
685 632 633 672 671
686 633 634 673 672
687 634 635 674 673
688 635 636 675 674
689 636 637 676 675
690 637 638 677 676
691 638 639 678 677
692 639 640 679 678
693 640 641 680 679
694 641 642 681 680
695 642 643 682 681
696 643 644 683 682
697 644 645 684 683
698 645 646 685 684
699 646 647 686 685
700 647 648 687 686
701 648 649 688 687
702 649 650 689 688
703 650 651 690 689
704 651 652 691 690
705 652 653 692 691
706 653 654 693 692
707 654 655 694 693
708 655 656 695 694
709 656 657 696 695
710 657 658 697 696
711 658 659 698 697
712 659 660 699 698
713 660 661 700 699
714 661 662 701 700
715 662 663 702 701
716 663 664 703 702
717 664 665 704 703
718 665 666 705 704
719 666 667 706 705
720 667 95 96 706
721 20 668 707 21
722 668 669 708 707
723 669 670 709 708
724 670 671 710 709
725 671 672 711 710
726 672 673 712 711
727 673 674 713 712
728 674 675 714 713
729 675 676 715 714
730 676 677 716 715
731 677 678 717 716
732 678 679 718 717
733 679 680 719 718
734 680 681 720 719
735 681 682 721 720
736 682 683 722 721
737 683 684 723 722
738 684 685 724 723
739 685 686 725 724
740 686 687 726 725
741 687 688 727 726
742 688 689 728 727
743 689 690 729 728
744 690 691 730 729
745 691 692 731 730
746 692 693 732 731
747 693 694 733 732
748 694 695 734 733
749 695 696 735 734
750 696 697 736 735
751 697 698 737 736
752 698 699 738 737
753 699 700 739 738
754 700 701 740 739
755 701 702 741 740
756 702 703 742 741
757 703 704 743 742
758 704 705 744 743
759 705 706 745 744
760 706 96 97 745
761 21 707 746 22
762 707 708 747 746
763 708 709 748 747
764 709 710 749 748
765 710 711 750 749
766 711 712 751 750
767 712 713 752 751
768 713 714 753 752
769 714 715 754 753
770 715 716 755 754
771 716 717 756 755
772 717 718 757 756
773 718 719 758 757
774 719 720 759 758
775 720 721 760 759
776 721 722 761 760
777 722 723 762 761
778 723 724 763 762
779 724 725 764 763
780 725 726 765 764
781 726 727 766 765
782 727 728 767 766
783 728 729 768 767
784 729 730 769 768
785 730 731 770 769
786 731 732 771 770
787 732 733 772 771
788 733 734 773 772
789 734 735 774 773
790 735 736 775 774
791 736 737 776 775
792 737 738 777 776
793 738 739 778 777
794 739 740 779 778
795 740 741 780 779
796 741 742 781 780
797 742 743 782 781
798 743 744 783 782
799 744 745 784 783
800 745 97 98 784
801 22 746 785 23
802 746 747 786 785
803 747 748 787 786
804 748 749 788 787
805 749 750 789 788
806 750 751 790 789
807 751 752 791 790
808 752 753 792 791
809 753 754 793 792
810 754 755 794 793
811 755 756 795 794
812 756 757 796 795
813 757 758 797 796
814 758 759 798 797
815 759 760 799 798
816 760 761 800 799
817 761 762 801 800
818 762 763 802 801
819 763 764 803 802
820 764 765 804 803
821 765 766 805 804
822 766 767 806 805
823 767 768 807 806
824 768 769 808 807
825 769 770 809 808
826 770 771 810 809
827 771 772 811 810
828 772 773 812 811
829 773 774 813 812
830 774 775 814 813
831 775 776 815 814
832 776 777 816 815
833 777 778 817 816
834 778 779 818 817
835 779 780 819 818
836 780 781 820 819
837 781 782 821 820
838 782 783 822 821
839 783 784 823 822
840 784 98 99 823
841 23 785 824 2
842 785 786 825 824
843 786 787 826 825
844 787 788 827 826
845 788 789 828 827
846 789 790 829 828
847 790 791 830 829
848 791 792 831 830
849 792 793 832 831
850 793 794 833 832
851 794 795 834 833
852 795 796 835 834
853 796 797 836 835
854 797 798 837 836
855 798 799 838 837
856 799 800 839 838
857 800 801 840 839
858 801 802 841 840
859 802 803 842 841
860 803 804 843 842
861 804 805 844 843
862 805 806 845 844
863 806 807 846 845
864 807 808 847 846
865 808 809 848 847
866 809 810 849 848
867 810 811 850 849
868 811 812 851 850
869 812 813 852 851
870 813 814 853 852
871 814 815 854 853
872 815 816 855 854
873 816 817 856 855
874 817 818 857 856
875 818 819 858 857
876 819 820 859 858
877 820 821 860 859
878 821 822 861 860
879 822 823 862 861
880 823 99 100 862
881 2 824 863 24
882 824 825 864 863
883 825 826 865 864
884 826 827 866 865
885 827 828 867 866
886 828 829 868 867
887 829 830 869 868
888 830 831 870 869
889 831 832 871 870
890 832 833 872 871
891 833 834 873 872
892 834 835 874 873
893 835 836 875 874
894 836 837 876 875
895 837 838 877 876
896 838 839 878 877
897 839 840 879 878
898 840 841 880 879
899 841 842 881 880
900 842 843 882 881
901 843 844 883 882
902 844 845 884 883
903 845 846 885 884
904 846 847 886 885
905 847 848 887 886
906 848 849 888 887
907 849 850 889 888
908 850 851 890 889
909 851 852 891 890
910 852 853 892 891
911 853 854 893 892
912 854 855 894 893
913 855 856 895 894
914 856 857 896 895
915 857 858 897 896
916 858 859 898 897
917 859 860 899 898
918 860 861 900 899
919 861 862 901 900
920 862 100 101 901
921 24 863 902 25
922 863 864 903 902
923 864 865 904 903
924 865 866 905 904
925 866 867 906 905
926 867 868 907 906
927 868 869 908 907
928 869 870 909 908
929 870 871 910 909
930 871 872 911 910
931 872 873 912 911
932 873 874 913 912
933 874 875 914 913
934 875 876 915 914
935 876 877 916 915
936 877 878 917 916
937 878 879 918 917
938 879 880 919 918
939 880 881 920 919
940 881 882 921 920
941 882 883 922 921
942 883 884 923 922
943 884 885 924 923
944 885 886 925 924
945 886 887 926 925
946 887 888 927 926
947 888 889 928 927
948 889 890 929 928
949 890 891 930 929
950 891 892 931 930
951 892 893 932 931
952 893 894 933 932
953 894 895 934 933
954 895 896 935 934
955 896 897 936 935
956 897 898 937 936
957 898 899 938 937
958 899 900 939 938
959 900 901 940 939
960 901 101 102 940
961 25 902 941 26
962 902 903 942 941
963 903 904 943 942
964 904 905 944 943
965 905 906 945 944
966 906 907 946 945
967 907 908 947 946
968 908 909 948 947
969 909 910 949 948
970 910 911 950 949
971 911 912 951 950
972 912 913 952 951
973 913 914 953 952
974 914 915 954 953
975 915 916 955 954
976 916 917 956 955
977 917 918 957 956
978 918 919 958 957
979 919 920 959 958
980 920 921 960 959
981 921 922 961 960
982 922 923 962 961
983 923 924 963 962
984 924 925 964 963
985 925 926 965 964
986 926 927 966 965
987 927 928 967 966
988 928 929 968 967
989 929 930 969 968
990 930 931 970 969
991 931 932 971 970
992 932 933 972 971
993 933 934 973 972
994 934 935 974 973
995 935 936 975 974
996 936 937 976 975
997 937 938 977 976
998 938 939 978 977
999 939 940 979 978
1000 940 102 103 979
1001 26 941 980 3
1002 941 942 981 980
1003 942 943 982 981
1004 943 944 983 982
1005 944 945 984 983
1006 945 946 985 984
1007 946 947 986 985
1008 947 948 987 986
1009 948 949 988 987
1010 949 950 989 988
1011 950 951 990 989
1012 951 952 991 990
1013 952 953 992 991
1014 953 954 993 992
1015 954 955 994 993
1016 955 956 995 994
1017 956 957 996 995
1018 957 958 997 996
1019 958 959 998 997
1020 959 960 999 998
1021 960 961 1000 999
1022 961 962 1001 1000
1023 962 963 1002 1001
1024 963 964 1003 1002
1025 964 965 1004 1003
1026 965 966 1005 1004
1027 966 967 1006 1005
1028 967 968 1007 1006
1029 968 969 1008 1007
1030 969 970 1009 1008
1031 970 971 1010 1009
1032 971 972 1011 1010
1033 972 973 1012 1011
1034 973 974 1013 1012
1035 974 975 1014 1013
1036 975 976 1015 1014
1037 976 977 1016 1015
1038 977 978 1017 1016
1039 978 979 1018 1017
1040 979 103 104 1018
1041 3 980 1019 27
1042 980 981 1020 1019
1043 981 982 1021 1020
1044 982 983 1022 1021
1045 983 984 1023 1022
1046 984 985 1024 1023
1047 985 986 1025 1024
1048 986 987 1026 1025
1049 987 988 1027 1026
1050 988 989 1028 1027
1051 989 990 1029 1028
1052 990 991 1030 1029
1053 991 992 1031 1030
1054 992 993 1032 1031
1055 993 994 1033 1032
1056 994 995 1034 1033
1057 995 996 1035 1034
1058 996 997 1036 1035
1059 997 998 1037 1036
1060 998 999 1038 1037
1061 999 1000 1039 1038
1062 1000 1001 1040 1039
1063 1001 1002 1041 1040
1064 1002 1003 1042 1041
1065 1003 1004 1043 1042
1066 1004 1005 1044 1043
1067 1005 1006 1045 1044
1068 1006 1007 1046 1045
1069 1007 1008 1047 1046
1070 1008 1009 1048 1047
1071 1009 1010 1049 1048
1072 1010 1011 1050 1049
1073 1011 1012 1051 1050
1074 1012 1013 1052 1051
1075 1013 1014 1053 1052
1076 1014 1015 1054 1053
1077 1015 1016 1055 1054
1078 1016 1017 1056 1055
1079 1017 1018 1057 1056
1080 1018 104 105 1057
1081 27 1019 1058 28
1082 1019 1020 1059 1058
1083 1020 1021 1060 1059
1084 1021 1022 1061 1060
1085 1022 1023 1062 1061
1086 1023 1024 1063 1062
1087 1024 1025 1064 1063
1088 1025 1026 1065 1064
1089 1026 1027 1066 1065
1090 1027 1028 1067 1066
1091 1028 1029 1068 1067
1092 1029 1030 1069 1068
1093 1030 1031 1070 1069
1094 1031 1032 1071 1070
1095 1032 1033 1072 1071
1096 1033 1034 1073 1072
1097 1034 1035 1074 1073
1098 1035 1036 1075 1074
1099 1036 1037 1076 1075
1100 1037 1038 1077 1076
1101 1038 1039 1078 1077
1102 1039 1040 1079 1078
1103 1040 1041 1080 1079
1104 1041 1042 1081 1080
1105 1042 1043 1082 1081
1106 1043 1044 1083 1082
1107 1044 1045 1084 1083
1108 1045 1046 1085 1084
1109 1046 1047 1086 1085
1110 1047 1048 1087 1086
1111 1048 1049 1088 1087
1112 1049 1050 1089 1088
1113 1050 1051 1090 1089
1114 1051 1052 1091 1090
1115 1052 1053 1092 1091
1116 1053 1054 1093 1092
1117 1054 1055 1094 1093
1118 1055 1056 1095 1094
1119 1056 1057 1096 1095
1120 1057 105 106 1096
1121 28 1058 1097 29
1122 1058 1059 1098 1097
1123 1059 1060 1099 1098
1124 1060 1061 1100 1099
1125 1061 1062 1101 1100
1126 1062 1063 1102 1101
1127 1063 1064 1103 1102
1128 1064 1065 1104 1103
1129 1065 1066 1105 1104
1130 1066 1067 1106 1105
1131 1067 1068 1107 1106
1132 1068 1069 1108 1107
1133 1069 1070 1109 1108
1134 1070 1071 1110 1109
1135 1071 1072 1111 1110
1136 1072 1073 1112 1111
1137 1073 1074 1113 1112
1138 1074 1075 1114 1113
1139 1075 1076 1115 1114
1140 1076 1077 1116 1115
1141 1077 1078 1117 1116
1142 1078 1079 1118 1117
1143 1079 1080 1119 1118
1144 1080 1081 1120 1119
1145 1081 1082 1121 1120
1146 1082 1083 1122 1121
1147 1083 1084 1123 1122
1148 1084 1085 1124 1123
1149 1085 1086 1125 1124
1150 1086 1087 1126 1125
1151 1087 1088 1127 1126
1152 1088 1089 1128 1127
1153 1089 1090 1129 1128
1154 1090 1091 1130 1129
1155 1091 1092 1131 1130
1156 1092 1093 1132 1131
1157 1093 1094 1133 1132
1158 1094 1095 1134 1133
1159 1095 1096 1135 1134
1160 1096 106 107 1135
1161 29 1097 1136 30
1162 1097 1098 1137 1136
1163 1098 1099 1138 1137
1164 1099 1100 1139 1138
1165 1100 1101 1140 1139
1166 1101 1102 1141 1140
1167 1102 1103 1142 1141
1168 1103 1104 1143 1142
1169 1104 1105 1144 1143
1170 1105 1106 1145 1144
1171 1106 1107 1146 1145
1172 1107 1108 1147 1146
1173 1108 1109 1148 1147
1174 1109 1110 1149 1148
1175 1110 1111 1150 1149
1176 1111 1112 1151 1150
1177 1112 1113 1152 1151
1178 1113 1114 1153 1152
1179 1114 1115 1154 1153
1180 1115 1116 1155 1154
1181 1116 1117 1156 1155
1182 1117 1118 1157 1156
1183 1118 1119 1158 1157
1184 1119 1120 1159 1158
1185 1120 1121 1160 1159
1186 1121 1122 1161 1160
1187 1122 1123 1162 1161
1188 1123 1124 1163 1162
1189 1124 1125 1164 1163
1190 1125 1126 1165 1164
1191 1126 1127 1166 1165
1192 1127 1128 1167 1166
1193 1128 1129 1168 1167
1194 1129 1130 1169 1168
1195 1130 1131 1170 1169
1196 1131 1132 1171 1170
1197 1132 1133 1172 1171
1198 1133 1134 1173 1172
1199 1134 1135 1174 1173
1200 1135 107 108 1174
1201 30 1136 1175 31
1202 1136 1137 1176 1175
1203 1137 1138 1177 1176
1204 1138 1139 1178 1177
1205 1139 1140 1179 1178
1206 1140 1141 1180 1179
1207 1141 1142 1181 1180
1208 1142 1143 1182 1181
1209 1143 1144 1183 1182
1210 1144 1145 1184 1183
1211 1145 1146 1185 1184
1212 1146 1147 1186 1185
1213 1147 1148 1187 1186
1214 1148 1149 1188 1187
1215 1149 1150 1189 1188
1216 1150 1151 1190 1189
1217 1151 1152 1191 1190
1218 1152 1153 1192 1191
1219 1153 1154 1193 1192
1220 1154 1155 1194 1193
1221 1155 1156 1195 1194
1222 1156 1157 1196 1195
1223 1157 1158 1197 1196
1224 1158 1159 1198 1197
1225 1159 1160 1199 1198
1226 1160 1161 1200 1199
1227 1161 1162 1201 1200
1228 1162 1163 1202 1201
1229 1163 1164 1203 1202
1230 1164 1165 1204 1203
1231 1165 1166 1205 1204
1232 1166 1167 1206 1205
1233 1167 1168 1207 1206
1234 1168 1169 1208 1207
1235 1169 1170 1209 1208
1236 1170 1171 1210 1209
1237 1171 1172 1211 1210
1238 1172 1173 1212 1211
1239 1173 1174 1213 1212
1240 1174 108 109 1213
1241 31 1175 1214 32
1242 1175 1176 1215 1214
1243 1176 1177 1216 1215
1244 1177 1178 1217 1216
1245 1178 1179 1218 1217
1246 1179 1180 1219 1218
1247 1180 1181 1220 1219
1248 1181 1182 1221 1220
1249 1182 1183 1222 1221
1250 1183 1184 1223 1222
1251 1184 1185 1224 1223
1252 1185 1186 1225 1224
1253 1186 1187 1226 1225
1254 1187 1188 1227 1226
1255 1188 1189 1228 1227
1256 1189 1190 1229 1228
1257 1190 1191 1230 1229
1258 1191 1192 1231 1230
1259 1192 1193 1232 1231
1260 1193 1194 1233 1232
1261 1194 1195 1234 1233
1262 1195 1196 1235 1234
1263 1196 1197 1236 1235
1264 1197 1198 1237 1236
1265 1198 1199 1238 1237
1266 1199 1200 1239 1238
1267 1200 1201 1240 1239
1268 1201 1202 1241 1240
1269 1202 1203 1242 1241
1270 1203 1204 1243 1242
1271 1204 1205 1244 1243
1272 1205 1206 1245 1244
1273 1206 1207 1246 1245
1274 1207 1208 1247 1246
1275 1208 1209 1248 1247
1276 1209 1210 1249 1248
1277 1210 1211 1250 1249
1278 1211 1212 1251 1250
1279 1212 1213 1252 1251
1280 1213 109 110 1252
1281 32 1214 1253 33
1282 1214 1215 1254 1253
1283 1215 1216 1255 1254
1284 1216 1217 1256 1255
1285 1217 1218 1257 1256
1286 1218 1219 1258 1257
1287 1219 1220 1259 1258
1288 1220 1221 1260 1259
1289 1221 1222 1261 1260
1290 1222 1223 1262 1261
1291 1223 1224 1263 1262
1292 1224 1225 1264 1263
1293 1225 1226 1265 1264
1294 1226 1227 1266 1265
1295 1227 1228 1267 1266
1296 1228 1229 1268 1267
1297 1229 1230 1269 1268
1298 1230 1231 1270 1269
1299 1231 1232 1271 1270
1300 1232 1233 1272 1271
1301 1233 1234 1273 1272
1302 1234 1235 1274 1273
1303 1235 1236 1275 1274
1304 1236 1237 1276 1275
1305 1237 1238 1277 1276
1306 1238 1239 1278 1277
1307 1239 1240 1279 1278
1308 1240 1241 1280 1279
1309 1241 1242 1281 1280
1310 1242 1243 1282 1281
1311 1243 1244 1283 1282
1312 1244 1245 1284 1283
1313 1245 1246 1285 1284
1314 1246 1247 1286 1285
1315 1247 1248 1287 1286
1316 1248 1249 1288 1287
1317 1249 1250 1289 1288
1318 1250 1251 1290 1289
1319 1251 1252 1291 1290
1320 1252 110 111 1291
1321 33 1253 1292 34
1322 1253 1254 1293 1292
1323 1254 1255 1294 1293
1324 1255 1256 1295 1294
1325 1256 1257 1296 1295
1326 1257 1258 1297 1296
1327 1258 1259 1298 1297
1328 1259 1260 1299 1298
1329 1260 1261 1300 1299
1330 1261 1262 1301 1300
1331 1262 1263 1302 1301
1332 1263 1264 1303 1302
1333 1264 1265 1304 1303
1334 1265 1266 1305 1304
1335 1266 1267 1306 1305
1336 1267 1268 1307 1306
1337 1268 1269 1308 1307
1338 1269 1270 1309 1308
1339 1270 1271 1310 1309
1340 1271 1272 1311 1310
1341 1272 1273 1312 1311
1342 1273 1274 1313 1312
1343 1274 1275 1314 1313
1344 1275 1276 1315 1314
1345 1276 1277 1316 1315
1346 1277 1278 1317 1316
1347 1278 1279 1318 1317
1348 1279 1280 1319 1318
1349 1280 1281 1320 1319
1350 1281 1282 1321 1320
1351 1282 1283 1322 1321
1352 1283 1284 1323 1322
1353 1284 1285 1324 1323
1354 1285 1286 1325 1324
1355 1286 1287 1326 1325
1356 1287 1288 1327 1326
1357 1288 1289 1328 1327
1358 1289 1290 1329 1328
1359 1290 1291 1330 1329
1360 1291 111 112 1330
1361 34 1292 1331 35
1362 1292 1293 1332 1331
1363 1293 1294 1333 1332
1364 1294 1295 1334 1333
1365 1295 1296 1335 1334
1366 1296 1297 1336 1335
1367 1297 1298 1337 1336
1368 1298 1299 1338 1337
1369 1299 1300 1339 1338
1370 1300 1301 1340 1339
1371 1301 1302 1341 1340
1372 1302 1303 1342 1341
1373 1303 1304 1343 1342
1374 1304 1305 1344 1343
1375 1305 1306 1345 1344
1376 1306 1307 1346 1345
1377 1307 1308 1347 1346
1378 1308 1309 1348 1347
1379 1309 1310 1349 1348
1380 1310 1311 1350 1349
1381 1311 1312 1351 1350
1382 1312 1313 1352 1351
1383 1313 1314 1353 1352
1384 1314 1315 1354 1353
1385 1315 1316 1355 1354
1386 1316 1317 1356 1355
1387 1317 1318 1357 1356
1388 1318 1319 1358 1357
1389 1319 1320 1359 1358
1390 1320 1321 1360 1359
1391 1321 1322 1361 1360
1392 1322 1323 1362 1361
1393 1323 1324 1363 1362
1394 1324 1325 1364 1363
1395 1325 1326 1365 1364
1396 1326 1327 1366 1365
1397 1327 1328 1367 1366
1398 1328 1329 1368 1367
1399 1329 1330 1369 1368
1400 1330 112 113 1369
1401 35 1331 1370 36
1402 1331 1332 1371 1370
1403 1332 1333 1372 1371
1404 1333 1334 1373 1372
1405 1334 1335 1374 1373
1406 1335 1336 1375 1374
1407 1336 1337 1376 1375
1408 1337 1338 1377 1376
1409 1338 1339 1378 1377
1410 1339 1340 1379 1378
1411 1340 1341 1380 1379
1412 1341 1342 1381 1380
1413 1342 1343 1382 1381
1414 1343 1344 1383 1382
1415 1344 1345 1384 1383
1416 1345 1346 1385 1384
1417 1346 1347 1386 1385
1418 1347 1348 1387 1386
1419 1348 1349 1388 1387
1420 1349 1350 1389 1388
1421 1350 1351 1390 1389
1422 1351 1352 1391 1390
1423 1352 1353 1392 1391
1424 1353 1354 1393 1392
1425 1354 1355 1394 1393
1426 1355 1356 1395 1394
1427 1356 1357 1396 1395
1428 1357 1358 1397 1396
1429 1358 1359 1398 1397
1430 1359 1360 1399 1398
1431 1360 1361 1400 1399
1432 1361 1362 1401 1400
1433 1362 1363 1402 1401
1434 1363 1364 1403 1402
1435 1364 1365 1404 1403
1436 1365 1366 1405 1404
1437 1366 1367 1406 1405
1438 1367 1368 1407 1406
1439 1368 1369 1408 1407
1440 1369 113 114 1408
1441 36 1370 1409 37
1442 1370 1371 1410 1409
1443 1371 1372 1411 1410
1444 1372 1373 1412 1411
1445 1373 1374 1413 1412
1446 1374 1375 1414 1413
1447 1375 1376 1415 1414
1448 1376 1377 1416 1415
1449 1377 1378 1417 1416
1450 1378 1379 1418 1417
1451 1379 1380 1419 1418
1452 1380 1381 1420 1419
1453 1381 1382 1421 1420
1454 1382 1383 1422 1421
1455 1383 1384 1423 1422
1456 1384 1385 1424 1423
1457 1385 1386 1425 1424
1458 1386 1387 1426 1425
1459 1387 1388 1427 1426
1460 1388 1389 1428 1427
1461 1389 1390 1429 1428
1462 1390 1391 1430 1429
1463 1391 1392 1431 1430
1464 1392 1393 1432 1431
1465 1393 1394 1433 1432
1466 1394 1395 1434 1433
1467 1395 1396 1435 1434
1468 1396 1397 1436 1435
1469 1397 1398 1437 1436
1470 1398 1399 1438 1437
1471 1399 1400 1439 1438
1472 1400 1401 1440 1439
1473 1401 1402 1441 1440
1474 1402 1403 1442 1441
1475 1403 1404 1443 1442
1476 1404 1405 1444 1443
1477 1405 1406 1445 1444
1478 1406 1407 1446 1445
1479 1407 1408 1447 1446
1480 1408 114 115 1447
1481 37 1409 1448 38
1482 1409 1410 1449 1448
1483 1410 1411 1450 1449
1484 1411 1412 1451 1450
1485 1412 1413 1452 1451
1486 1413 1414 1453 1452
1487 1414 1415 1454 1453
1488 1415 1416 1455 1454
1489 1416 1417 1456 1455
1490 1417 1418 1457 1456
1491 1418 1419 1458 1457
1492 1419 1420 1459 1458
1493 1420 1421 1460 1459
1494 1421 1422 1461 1460
1495 1422 1423 1462 1461
1496 1423 1424 1463 1462
1497 1424 1425 1464 1463
1498 1425 1426 1465 1464
1499 1426 1427 1466 1465
1500 1427 1428 1467 1466
1501 1428 1429 1468 1467
1502 1429 1430 1469 1468
1503 1430 1431 1470 1469
1504 1431 1432 1471 1470
1505 1432 1433 1472 1471
1506 1433 1434 1473 1472
1507 1434 1435 1474 1473
1508 1435 1436 1475 1474
1509 1436 1437 1476 1475
1510 1437 1438 1477 1476
1511 1438 1439 1478 1477
1512 1439 1440 1479 1478
1513 1440 1441 1480 1479
1514 1441 1442 1481 1480
1515 1442 1443 1482 1481
1516 1443 1444 1483 1482
1517 1444 1445 1484 1483
1518 1445 1446 1485 1484
1519 1446 1447 1486 1485
1520 1447 115 116 1486
1521 38 1448 1487 39
1522 1448 1449 1488 1487
1523 1449 1450 1489 1488
1524 1450 1451 1490 1489
1525 1451 1452 1491 1490
1526 1452 1453 1492 1491
1527 1453 1454 1493 1492
1528 1454 1455 1494 1493
1529 1455 1456 1495 1494
1530 1456 1457 1496 1495
1531 1457 1458 1497 1496
1532 1458 1459 1498 1497
1533 1459 1460 1499 1498
1534 1460 1461 1500 1499
1535 1461 1462 1501 1500
1536 1462 1463 1502 1501
1537 1463 1464 1503 1502
1538 1464 1465 1504 1503
1539 1465 1466 1505 1504
1540 1466 1467 1506 1505
1541 1467 1468 1507 1506
1542 1468 1469 1508 1507
1543 1469 1470 1509 1508
1544 1470 1471 1510 1509
1545 1471 1472 1511 1510
1546 1472 1473 1512 1511
1547 1473 1474 1513 1512
1548 1474 1475 1514 1513
1549 1475 1476 1515 1514
1550 1476 1477 1516 1515
1551 1477 1478 1517 1516
1552 1478 1479 1518 1517
1553 1479 1480 1519 1518
1554 1480 1481 1520 1519
1555 1481 1482 1521 1520
1556 1482 1483 1522 1521
1557 1483 1484 1523 1522
1558 1484 1485 1524 1523
1559 1485 1486 1525 1524
1560 1486 116 117 1525
1561 39 1487 1526 40
1562 1487 1488 1527 1526
1563 1488 1489 1528 1527
1564 1489 1490 1529 1528
1565 1490 1491 1530 1529
1566 1491 1492 1531 1530
1567 1492 1493 1532 1531
1568 1493 1494 1533 1532
1569 1494 1495 1534 1533
1570 1495 1496 1535 1534
1571 1496 1497 1536 1535
1572 1497 1498 1537 1536
1573 1498 1499 1538 1537
1574 1499 1500 1539 1538
1575 1500 1501 1540 1539
1576 1501 1502 1541 1540
1577 1502 1503 1542 1541
1578 1503 1504 1543 1542
1579 1504 1505 1544 1543
1580 1505 1506 1545 1544
1581 1506 1507 1546 1545
1582 1507 1508 1547 1546
1583 1508 1509 1548 1547
1584 1509 1510 1549 1548
1585 1510 1511 1550 1549
1586 1511 1512 1551 1550
1587 1512 1513 1552 1551
1588 1513 1514 1553 1552
1589 1514 1515 1554 1553
1590 1515 1516 1555 1554
1591 1516 1517 1556 1555
1592 1517 1518 1557 1556
1593 1518 1519 1558 1557
1594 1519 1520 1559 1558
1595 1520 1521 1560 1559
1596 1521 1522 1561 1560
1597 1522 1523 1562 1561
1598 1523 1524 1563 1562
1599 1524 1525 1564 1563
1600 1525 117 118 1564
1601 40 1526 1565 41
1602 1526 1527 1566 1565
1603 1527 1528 1567 1566
1604 1528 1529 1568 1567
1605 1529 1530 1569 1568
1606 1530 1531 1570 1569
1607 1531 1532 1571 1570
1608 1532 1533 1572 1571
1609 1533 1534 1573 1572
1610 1534 1535 1574 1573
1611 1535 1536 1575 1574
1612 1536 1537 1576 1575
1613 1537 1538 1577 1576
1614 1538 1539 1578 1577
1615 1539 1540 1579 1578
1616 1540 1541 1580 1579
1617 1541 1542 1581 1580
1618 1542 1543 1582 1581
1619 1543 1544 1583 1582
1620 1544 1545 1584 1583
1621 1545 1546 1585 1584
1622 1546 1547 1586 1585
1623 1547 1548 1587 1586
1624 1548 1549 1588 1587
1625 1549 1550 1589 1588
1626 1550 1551 1590 1589
1627 1551 1552 1591 1590
1628 1552 1553 1592 1591
1629 1553 1554 1593 1592
1630 1554 1555 1594 1593
1631 1555 1556 1595 1594
1632 1556 1557 1596 1595
1633 1557 1558 1597 1596
1634 1558 1559 1598 1597
1635 1559 1560 1599 1598
1636 1560 1561 1600 1599
1637 1561 1562 1601 1600
1638 1562 1563 1602 1601
1639 1563 1564 1603 1602
1640 1564 118 119 1603
1641 41 1565 1604 42
1642 1565 1566 1605 1604
1643 1566 1567 1606 1605
1644 1567 1568 1607 1606
1645 1568 1569 1608 1607
1646 1569 1570 1609 1608
1647 1570 1571 1610 1609
1648 1571 1572 1611 1610
1649 1572 1573 1612 1611
1650 1573 1574 1613 1612
1651 1574 1575 1614 1613
1652 1575 1576 1615 1614
1653 1576 1577 1616 1615
1654 1577 1578 1617 1616
1655 1578 1579 1618 1617
1656 1579 1580 1619 1618
1657 1580 1581 1620 1619
1658 1581 1582 1621 1620
1659 1582 1583 1622 1621
1660 1583 1584 1623 1622
1661 1584 1585 1624 1623
1662 1585 1586 1625 1624
1663 1586 1587 1626 1625
1664 1587 1588 1627 1626
1665 1588 1589 1628 1627
1666 1589 1590 1629 1628
1667 1590 1591 1630 1629
1668 1591 1592 1631 1630
1669 1592 1593 1632 1631
1670 1593 1594 1633 1632
1671 1594 1595 1634 1633
1672 1595 1596 1635 1634
1673 1596 1597 1636 1635
1674 1597 1598 1637 1636
1675 1598 1599 1638 1637
1676 1599 1600 1639 1638
1677 1600 1601 1640 1639
1678 1601 1602 1641 1640
1679 1602 1603 1642 1641
1680 1603 119 120 1642
1681 42 1604 1643 43
1682 1604 1605 1644 1643
1683 1605 1606 1645 1644
1684 1606 1607 1646 1645
1685 1607 1608 1647 1646
1686 1608 1609 1648 1647
1687 1609 1610 1649 1648
1688 1610 1611 1650 1649
1689 1611 1612 1651 1650
1690 1612 1613 1652 1651
1691 1613 1614 1653 1652
1692 1614 1615 1654 1653
1693 1615 1616 1655 1654
1694 1616 1617 1656 1655
1695 1617 1618 1657 1656
1696 1618 1619 1658 1657
1697 1619 1620 1659 1658
1698 1620 1621 1660 1659
1699 1621 1622 1661 1660
1700 1622 1623 1662 1661
1701 1623 1624 1663 1662
1702 1624 1625 1664 1663
1703 1625 1626 1665 1664
1704 1626 1627 1666 1665
1705 1627 1628 1667 1666
1706 1628 1629 1668 1667
1707 1629 1630 1669 1668
1708 1630 1631 1670 1669
1709 1631 1632 1671 1670
1710 1632 1633 1672 1671
1711 1633 1634 1673 1672
1712 1634 1635 1674 1673
1713 1635 1636 1675 1674
1714 1636 1637 1676 1675
1715 1637 1638 1677 1676
1716 1638 1639 1678 1677
1717 1639 1640 1679 1678
1718 1640 1641 1680 1679
1719 1641 1642 1681 1680
1720 1642 120 121 1681
1721 43 1643 160 4
1722 1643 1644 159 160
1723 1644 1645 158 159
1724 1645 1646 157 158
1725 1646 1647 156 157
1726 1647 1648 155 156
1727 1648 1649 154 155
1728 1649 1650 153 154
1729 1650 1651 152 153
1730 1651 1652 151 152
1731 1652 1653 150 151
1732 1653 1654 149 150
1733 1654 1655 148 149
1734 1655 1656 147 148
1735 1656 1657 146 147
1736 1657 1658 145 146
1737 1658 1659 144 145
1738 1659 1660 143 144
1739 1660 1661 142 143
1740 1661 1662 141 142
1741 1662 1663 140 141
1742 1663 1664 139 140
1743 1664 1665 138 139
1744 1665 1666 137 138
1745 1666 1667 136 137
1746 1667 1668 135 136
1747 1668 1669 134 135
1748 1669 1670 133 134
1749 1670 1671 132 133
1750 1671 1672 131 132
1751 1672 1673 130 131
1752 1673 1674 129 130
1753 1674 1675 128 129
1754 1675 1676 127 128
1755 1676 1677 126 127
1756 1677 1678 125 126
1757 1678 1679 124 125
1758 1679 1680 123 124
1759 1680 1681 122 123
1760 1681 121 6 122
$EndElements
